name,sku,price,description,stock_level,image_path,main_category,subcategory
Professional Claw Hammer 16oz,HTHM001600,28,"High-quality steel claw hammer with comfortable fiberglass handle, perfect for framing and general construction work.",25,hand_tools_hammers_professional_claw_hammer_16oz_20250620_181100.png,HAND TOOLS,HAMMERS
Ball Peen Hammer 12oz,HTHM031200,18,"Classic ball peen hammer for metalworking, riveting, and shaping metal with hardened striking surfaces.",44,hand_tools_hammers_ball_peen_hammer_12oz_20250620_181241.png,HAND TOOLS,HAMMERS
Finishing Hammer 13oz,HTHM041300,25,Lightweight finishing hammer with smooth face for trim work and delicate construction tasks.,75,hand_tools_hammers_finishing_hammer_13oz_20250620_181314.png,HAND TOOLS,HAMMERS
Sledge Hammer 3lb,HTHM050300,42,"Heavy-duty sledge hammer for demolition, driving stakes, and breaking concrete with steel handle.",8,hand_tools_hammers_sledge_hammer_3lb_20250620_181350.png,HAND TOOLS,HAMMERS
Phillips Screwdriver Set,HTSD010001,16,Complete Phillips head screwdriver set with magnetic tips and comfortable cushion grips in multiple sizes.,79,hand_tools_screwdrivers_phillips_screwdriver_set_20250620_181424.png,HAND TOOLS,SCREWDRIVERS
Flathead Screwdriver Set,HTSD020001,14,Professional flathead screwdrivers with precision-machined tips and ergonomic handles for various applications.,95,hand_tools_screwdrivers_flathead_screwdriver_set_20250620_181457.png,HAND TOOLS,SCREWDRIVERS
Precision Screwdriver Kit,HTSD030001,22,"Micro precision screwdriver set for electronics, eyeglasses, and small appliance repair work.",30,hand_tools_screwdrivers_precision_screwdriver_kit_20250620_181532.png,HAND TOOLS,SCREWDRIVERS
Insulated Screwdriver Set,HTSD041000,32,Electrician's insulated screwdrivers rated for 1000V with dual-material handles for electrical safety.,80,hand_tools_screwdrivers_insulated_screwdriver_set_20250620_181606.png,HAND TOOLS,SCREWDRIVERS
Ratcheting Screwdriver,HTSD050001,26,Multi-bit ratcheting screwdriver with reversible mechanism and magnetic bit storage in handle.,44,hand_tools_screwdrivers_ratcheting_screwdriver_20250620_181640.png,HAND TOOLS,SCREWDRIVERS
Combination Wrench Set SAE,HTWR000001,45,Standard SAE combination wrenches from 1/4-inch to 1-inch with chrome-vanadium steel construction.,89,hand_tools_wrenches_combination_wrench_set_sae_20250620_181718.png,HAND TOOLS,WRENCHES
Metric Wrench Set,HTWR000002,49,Complete metric combination wrench set from 8mm to 24mm with polished chrome finish.,18,hand_tools_wrenches_metric_wrench_set_20250620_181758.png,HAND TOOLS,WRENCHES
Adjustable Wrench 10-inch,HTWR000003,21,Professional adjustable wrench with parallel jaws and comfortable grip for versatile applications.,81,hand_tools_wrenches_adjustable_wrench_10_inch_20250620_181831.png,HAND TOOLS,WRENCHES
Pipe Wrench Set,HTWR000004,60,Heavy-duty pipe wrenches for plumbing work with serrated jaws and cast iron construction.,75,hand_tools_wrenches_pipe_wrench_set_20250620_181904.png,HAND TOOLS,WRENCHES
Torque Wrench 1/2-drive,HTWR000005,108,Calibrated torque wrench with click mechanism for precise bolt tightening to specifications.,56,hand_tools_wrenches_torque_wrench_12_drive_20250620_181941.png,HAND TOOLS,WRENCHES
Needle-Nose Pliers 6-inch,HTPL000006,15,Long-nose pliers with serrated jaws for gripping small objects and working in tight spaces.,71,hand_tools_pliers_needle_nose_pliers_6_inch_20250621_093109.png,HAND TOOLS,PLIERS
Lineman's Pliers 9-inch,HTPL000007,25,Heavy-duty lineman's pliers with cutting edges and insulated grips for electrical work.,18,hand_tools_pliers_linemans_pliers_9_inch_20250620_182023.png,HAND TOOLS,PLIERS
Locking Pliers 10-inch,HTPL000008,20,Vise-grip locking pliers with adjustable jaw and release lever for secure clamping action.,96,hand_tools_pliers_locking_pliers_10_inch_20250620_182057.png,HAND TOOLS,PLIERS
Wire Stripping Pliers,HTPL000009,29,Precision wire strippers with multiple gauge settings and comfortable spring-loaded handles.,20,hand_tools_pliers_wire_stripping_pliers_20250620_182131.png,HAND TOOLS,PLIERS
Coping Saw,HTHS000010,13,Fine-blade coping saw with adjustable frame for intricate curves and detailed woodworking cuts.,25,hand_tools_hand_saws_coping_saw_20250621_110057.png,HAND TOOLS,HAND SAWS
Wood Rasp Set,HTFR000011,14,Coarse wood rasps for rapid material removal and shaping of wood surfaces.,69,hand_tools_files_&_rasps_wood_rasp_set_20250621_110701.png,HAND TOOLS,FILES & RASPS
Riffler File Set,HTFR000012,27,Curved riffler files with various profiles for sculptural work and hard-to-reach areas.,54,hand_tools_files_&_rasps_riffler_file_set_20250621_124453.png,HAND TOOLS,FILES & RASPS
Tape Measure 25-foot,HTMT000013,14,Heavy-duty tape measure with standout blade and magnetic tip for one-person measuring.,50,hand_tools_measuring_tools_tape_measure_25_foot_20250621_110945.png,HAND TOOLS,MEASURING TOOLS
Speed Square 7-inch,HTMT000014,10,Aluminum speed square for quick angle cuts and layout work with degree markings.,42,hand_tools_measuring_tools_speed_square_7_inch_20250621_111029.png,HAND TOOLS,MEASURING TOOLS
Level 24-inch,HTMT000015,27,Precision aluminum level with three vials for accurate horizontal and vertical alignment.,100,hand_tools_measuring_tools_level_24_inch_20250621_111113.png,HAND TOOLS,MEASURING TOOLS
Folding Rule 6-foot,HTMT000016,17,Traditional wooden folding rule with brass hinges for precise inside measurements.,1,hand_tools_measuring_tools_folding_rule_6_foot_20250621_111156.png,HAND TOOLS,MEASURING TOOLS
Digital Caliper 6-inch,HTMT000017,42,Electronic digital caliper for precise measurements to 0.001-inch accuracy with LCD display.,79,hand_tools_measuring_tools_digital_caliper_6_inch_20250621_111241.png,HAND TOOLS,MEASURING TOOLS
Metric Hex Key Set,HTAK000018,12,Complete metric hex key set from 1.5mm to 10mm in convenient folding case.,19,hand_tools_allen_keys_metric_hex_key_set_20250621_111653.png,HAND TOOLS,ALLEN KEYS
SAE Hex Key Set,HTAK000019,12,Standard SAE hex key set from 1/16-inch to 3/8-inch with chrome-vanadium steel construction.,52,hand_tools_allen_keys_sae_hex_key_set_20250621_111755.png,HAND TOOLS,ALLEN KEYS
Ball-End Hex Set,HTAK000020,17,Ball-end hex keys allowing angled access up to 25 degrees for hard-to-reach fasteners.,87,hand_tools_allen_keys_ball_end_hex_set_20250621_093244.png,HAND TOOLS,ALLEN KEYS
T-Handle Hex Set,HTAK000021,27,T-handle hex keys with comfortable grips for high-torque applications and ease of use.,47,hand_tools_allen_keys_t_handle_hex_set_20250621_124935.png,HAND TOOLS,ALLEN KEYS
Long Arm Hex Set,HTAK000022,15,Extra-long hex keys for reaching recessed bolts and deep socket applications.,6,hand_tools_allen_keys_long_arm_hex_set_20250621_111919.png,HAND TOOLS,ALLEN KEYS
Cordless Drill 18V Li-Ion,PTDR000001,115,"Professional cordless drill with lithium-ion battery, variable speed control, and LED work light.",3,power_tools_drills_cordless_drill_18v_li_ion_20250620_182306.png,POWER TOOLS,DRILLS
Hammer Drill 1/2-inch,PTDR000002,160,Corded hammer drill with percussion action for drilling into concrete and masonry materials.,77,power_tools_drills_hammer_drill_12_inch_20250620_182340.png,POWER TOOLS,DRILLS
Right Angle Drill,PTDR000003,138,Compact right-angle drill for tight spaces with 3/8-inch chuck and reversible motor.,5,power_tools_drills_right_angle_drill_20250620_182416.png,POWER TOOLS,DRILLS
Impact Drill 20V,PTDR000004,122,High-torque impact drill with brushless motor for efficient drilling and driving applications.,52,power_tools_drills_impact_drill_20v_20250620_182458.png,POWER TOOLS,DRILLS
Benchtop Drill Press,PTDR000005,265,Stationary drill press with adjustable table and depth stop for precision drilling operations.,38,power_tools_drills_benchtop_drill_press_20250620_182531.png,POWER TOOLS,DRILLS
Circular Saw 7-1/4 inch,PTCS000006,170,Powerful circular saw with carbide-tipped blade for cutting lumber and sheet materials.,49,power_tools_circular_saws_circular_saw_7_14_inch_20250620_182610.png,POWER TOOLS,CIRCULAR SAWS
Cordless Circular Saw 6-1/2,PTCS000007,210,Battery-powered circular saw with lightweight design and laser guide for portable cutting.,30,power_tools_circular_saws_cordless_circular_saw_6_12_20250620_182648.png,POWER TOOLS,CIRCULAR SAWS
Worm Drive Saw,PTCS000008,250,Heavy-duty worm drive saw with superior torque for demanding construction applications.,99,power_tools_circular_saws_worm_drive_saw_20250620_182721.png,POWER TOOLS,CIRCULAR SAWS
Track Saw,PTCS000009,350,Precision track saw system for perfectly straight cuts in plywood and large panels.,26,power_tools_circular_saws_track_saw_20250620_182757.png,POWER TOOLS,CIRCULAR SAWS
Mini Circular Saw 4-1/2,PTCS000010,90,Compact circular saw for detailed work and cutting in confined spaces.,99,power_tools_circular_saws_mini_circular_saw_4_12_20250620_182834.png,POWER TOOLS,CIRCULAR SAWS
Orbital Sander 1/4 Sheet,PTSA000011,67,Variable-speed orbital sander with dust collection system for smooth wood finishing.,43,power_tools_sanders_orbital_sander_14_sheet_20250620_182913.png,POWER TOOLS,SANDERS
Random Orbit Sander 5-inch,PTSA000012,92,Random orbital action sander with hook-and-loop pad system for swirl-free finishes.,45,power_tools_sanders_random_orbit_sander_5_inch_20250620_182949.png,POWER TOOLS,SANDERS
Palm Sander,PTSA000013,52,Compact palm sander with ergonomic design for detail work and tight corners.,27,power_tools_sanders_palm_sander_20250621_105614.png,POWER TOOLS,SANDERS
Mouse Sander,PTSA000014,40,Detail mouse sander with triangular pad for sanding in corners and intricate shapes.,26,power_tools_sanders_mouse_sander_20250620_190532.png,POWER TOOLS,SANDERS
Drywall Sander,PTSA000015,122,Long-reach drywall sander with vacuum attachment for dust-free wall preparation.,21,power_tools_sanders_drywall_sander_20250620_190606.png,POWER TOOLS,SANDERS
Variable Speed Jigsaw,PTJS000016,92,Precision jigsaw with orbital action and variable speed control for curved and straight cuts.,73,power_tools_jigsaws_variable_speed_jigsaw_20250620_190639.png,POWER TOOLS,JIGSAWS
Cordless Jigsaw 20V,PTJS000017,107,Battery-powered jigsaw with tool-free blade change and LED light for portable cutting.,88,power_tools_jigsaws_cordless_jigsaw_20v_20250620_190713.png,POWER TOOLS,JIGSAWS
Barrel Grip Jigsaw,PTJS000018,77,Compact barrel grip jigsaw for one-handed operation and improved maneuverability.,20,power_tools_jigsaws_barrel_grip_jigsaw_20250620_190747.png,POWER TOOLS,JIGSAWS
Heavy Duty Jigsaw,PTJS000019,117,Professional-grade jigsaw with powerful motor for cutting thick materials and metal.,65,power_tools_jigsaws_heavy_duty_jigsaw_20250620_190821.png,POWER TOOLS,JIGSAWS
Scrolling Jigsaw,PTJS000020,137,Precision scrolling jigsaw with rotating barrel for intricate cuts without turning workpiece.,99,power_tools_jigsaws_scrolling_jigsaw_20250620_190855.png,POWER TOOLS,JIGSAWS
Angle Grinder 4-1/2 inch,PTAG000021,82,"Compact angle grinder for cutting, grinding, and polishing metal and masonry.",78,power_tools_angle_grinders_angle_grinder_4_12_inch_20250620_190928.png,POWER TOOLS,ANGLE GRINDERS
Large Angle Grinder 7-inch,PTAG000022,112,Heavy-duty 7-inch angle grinder for aggressive material removal and cutting.,63,power_tools_angle_grinders_large_angle_grinder_7_inch_20250620_191002.png,POWER TOOLS,ANGLE GRINDERS
Cordless Angle Grinder,PTAG000023,127,Battery-powered angle grinder with brushless motor for extended runtime and power.,69,power_tools_angle_grinders_cordless_angle_grinder_20250621_105657.png,POWER TOOLS,ANGLE GRINDERS
Variable Speed Grinder,PTAG000024,102,Electronic angle grinder with variable speed control for different materials and applications.,74,power_tools_angle_grinders_variable_speed_grinder_20250620_191046.png,POWER TOOLS,ANGLE GRINDERS
Cut-Off Tool 3-inch,PTAG000025,52,Compact cut-off tool for precision cutting in tight spaces and detail work.,48,power_tools_angle_grinders_cut_off_tool_3_inch_20250621_112003.png,POWER TOOLS,ANGLE GRINDERS
Reciprocating Saw Corded,PTRS000026,107,Powerful corded reciprocating saw for demolition and rough cutting applications.,91,power_tools_reciprocating_saws_reciprocating_saw_corded_20250621_125020.png,POWER TOOLS,RECIPROCATING SAWS
Cordless Recip Saw 18V,PTRS000027,132,Battery-powered reciprocating saw with tool-free blade change and variable speed.,60,power_tools_reciprocating_saws_cordless_recip_saw_18v_20250621_105759.png,POWER TOOLS,RECIPROCATING SAWS
Compact Recip Saw,PTRS000028,92,Lightweight compact reciprocating saw for overhead work and tight access cutting.,24,power_tools_reciprocating_saws_compact_recip_saw_20250621_125104.png,POWER TOOLS,RECIPROCATING SAWS
Multi-Tool Oscillating,PTRS000029,85,"Oscillating multi-tool with various attachments for cutting, sanding, and scraping.",36,power_tools_reciprocating_saws_multi_tool_oscillating_20250621_112248.png,POWER TOOLS,RECIPROCATING SAWS
Fixed Base Router 1-3/4 HP,PTRT000030,135,Precision fixed base router with micro-adjustment and dust collection for edge work.,8,power_tools_routers_fixed_base_router_1_34_hp_20250621_112331.png,POWER TOOLS,ROUTERS
Plunge Router 2-1/4 HP,PTRT000031,170,Variable-speed plunge router with depth adjustment for dadoes and mortises.,43,power_tools_routers_plunge_router_2_14_hp_20250620_191136.png,POWER TOOLS,ROUTERS
Trim Router 1 HP,PTRT000032,90,Compact trim router with comfortable grip for edge profiling and laminate trimming.,64,power_tools_routers_trim_router_1_hp_20250620_191212.png,POWER TOOLS,ROUTERS
Router Table Combo,PTRT000033,265,Complete router table system with fence and miter gauge for stationary routing.,95,power_tools_routers_router_table_combo_20250620_191246.png,POWER TOOLS,ROUTERS
Cordless Router 18V,PTRT000034,195,Battery-powered router with LED light and variable speed for portable woodworking.,63,power_tools_routers_cordless_router_18v_20250620_191321.png,POWER TOOLS,ROUTERS
Impact Driver 18V,PTID000035,100,High-torque impact driver with hex chuck for driving screws and bolts efficiently.,100,power_tools_impact_drivers_impact_driver_18v_20250620_191355.png,POWER TOOLS,IMPACT DRIVERS
Brushless Impact Driver,PTID000036,122,Brushless motor impact driver with extended battery life and reduced maintenance.,30,power_tools_impact_drivers_brushless_impact_driver_20250620_191428.png,POWER TOOLS,IMPACT DRIVERS
Compact Impact Driver,PTID000037,87,Lightweight compact impact driver for overhead work and tight spaces.,94,power_tools_impact_drivers_compact_impact_driver_20250620_191504.png,POWER TOOLS,IMPACT DRIVERS
Impact Wrench 1/2-inch,PTID000038,137,Powerful impact wrench with square drive for automotive and heavy-duty applications.,3,power_tools_impact_drivers_impact_wrench_12_inch_20250620_191538.png,POWER TOOLS,IMPACT DRIVERS
Right Angle Impact,PTID000039,115,Right-angle impact driver for driving fasteners in confined spaces and corners.,4,power_tools_impact_drivers_right_angle_impact_20250620_191613.png,POWER TOOLS,IMPACT DRIVERS
Belt Sander 3x21 inch,PTBS000040,122,Professional belt sander for aggressive material removal and surface preparation.,55,power_tools_belt_sanders_belt_sander_3x21_inch_20250621_112415.png,POWER TOOLS,BELT SANDERS
Variable Speed Belt Sander,PTBS000041,137,Electronic belt sander with variable speed control for different materials.,66,power_tools_belt_sanders_variable_speed_belt_sander_20250620_191702.png,POWER TOOLS,BELT SANDERS
Compact Belt Sander 3x18,PTBS000042,100,Lightweight belt sander with front handle for improved control and comfort.,28,power_tools_belt_sanders_compact_belt_sander_3x18_20250620_191738.png,POWER TOOLS,BELT SANDERS
File Belt Sander,PTBS000043,155,Narrow belt sander for detailed work and sanding in grooves and contours.,54,power_tools_belt_sanders_file_belt_sander_20250620_191812.png,POWER TOOLS,BELT SANDERS
Stationary Belt Sander,PTBS000044,225,Benchtop belt sander with tilting table for precision edge sanding and sharpening.,40,power_tools_belt_sanders_stationary_belt_sander_20250620_191846.png,POWER TOOLS,BELT SANDERS
Compound Miter Saw 10-inch,PTMS000045,275,Precision compound miter saw for accurate crosscuts and miter cuts with laser guide.,68,power_tools_miter_saws_compound_miter_saw_10_inch_20250620_191922.png,POWER TOOLS,MITER SAWS
Sliding Miter Saw 12-inch,PTMS000046,475,Dual-bevel sliding compound miter saw for cutting wide boards and crown molding.,37,power_tools_miter_saws_sliding_miter_saw_12_inch_20250620_191957.png,POWER TOOLS,MITER SAWS
Cordless Miter Saw 10-inch,PTMS000047,365,Battery-powered miter saw for portable precision cutting without power cords.,77,power_tools_miter_saws_cordless_miter_saw_10_inch_20250620_192030.png,POWER TOOLS,MITER SAWS
Basic Miter Saw 10-inch,PTMS000048,200,Simple miter saw with manual miter adjustment and fence system for basic cuts.,75,power_tools_miter_saws_basic_miter_saw_10_inch_20250620_192105.png,POWER TOOLS,MITER SAWS
Miter Saw Stand,PTMS000049,115,Universal miter saw stand with extensions and folding legs for portable work setup.,84,power_tools_miter_saws_miter_saw_stand_20250620_192140.png,POWER TOOLS,MITER SAWS
Premium Interior Latex Flat,PFIP000001,40,"High-quality flat interior paint with excellent coverage and hide, perfect for ceilings and low-traffic areas.",19,paint_&_finishes_interior_paint_premium_interior_latex_flat_20250620_192214.png,PAINT & FINISHES,INTERIOR PAINT
Interior Eggshell Paint,PFIP000002,44,"Durable eggshell finish paint with subtle sheen, ideal for living rooms and bedrooms with easy cleanup.",80,paint_&_finishes_interior_paint_interior_eggshell_paint_20250620_192249.png,PAINT & FINISHES,INTERIOR PAINT
Interior Semi-Gloss Paint,PFIP000003,47,"Washable semi-gloss interior paint for kitchens, bathrooms, and trim work with moisture resistance.",2,paint_&_finishes_interior_paint_interior_semi_gloss_paint_20250620_192336.png,PAINT & FINISHES,INTERIOR PAINT
Zero VOC Interior Paint,PFIP000004,52,Environmentally friendly zero-VOC paint for healthy indoor air quality in all living spaces.,25,paint_&_finishes_interior_paint_zero_voc_interior_paint_20250620_192411.png,PAINT & FINISHES,INTERIOR PAINT
One-Coat Interior Paint,PFIP000005,50,High-hide one-coat paint formula that covers most colors in a single application for time savings.,47,paint_&_finishes_interior_paint_one_coat_interior_paint_20250620_192445.png,PAINT & FINISHES,INTERIOR PAINT
Exterior Latex Paint Satin,PFEP000006,50,"Weather-resistant exterior paint with satin finish for siding, trim, and outdoor surfaces.",93,paint_&_finishes_exterior_paint_exterior_latex_paint_satin_20250620_192519.png,PAINT & FINISHES,EXTERIOR PAINT
Exterior Acrylic Paint,PFEP000007,57,Premium acrylic exterior paint with fade resistance and superior adhesion for long-lasting protection.,74,paint_&_finishes_exterior_paint_exterior_acrylic_paint_20250620_192554.png,PAINT & FINISHES,EXTERIOR PAINT
Exterior Primer-Paint Combo,PFEP000008,53,All-in-one primer and paint system for bare wood and previously painted exterior surfaces.,10,paint_&_finishes_exterior_paint_exterior_primer_paint_combo_20250620_192632.png,PAINT & FINISHES,EXTERIOR PAINT
Elastomeric Exterior Paint,PFEP000009,65,Flexible elastomeric paint for stucco and masonry that bridges hairline cracks and prevents water penetration.,14,paint_&_finishes_exterior_paint_elastomeric_exterior_paint_20250620_192706.png,PAINT & FINISHES,EXTERIOR PAINT
Deck and Fence Stain,PFEP000010,42,"Penetrating wood stain with UV protection for decks, fences, and outdoor wood structures.",76,paint_&_finishes_exterior_paint_deck_and_fence_stain_20250620_192740.png,PAINT & FINISHES,EXTERIOR PAINT
Universal Bonding Primer,PFPR000011,32,"High-adhesion primer for all surfaces including wood, metal, drywall, and previously painted surfaces.",96,paint_&_finishes_primer_universal_bonding_primer_20250620_192814.png,PAINT & FINISHES,PRIMER
Stain-Blocking Primer,PFPR000012,40,"Heavy-duty primer that blocks water stains, crayon marks, and other discoloration from bleeding through.",42,paint_&_finishes_primer_stain_blocking_primer_20250620_192849.png,PAINT & FINISHES,PRIMER
Metal Primer,PFPR000013,36,Rust-inhibitive primer specifically formulated for ferrous and non-ferrous metal surfaces.,31,paint_&_finishes_primer_metal_primer_20250620_192924.png,PAINT & FINISHES,PRIMER
Drywall Primer,PFPR000014,29,Fast-drying primer designed for new drywall with excellent sealing properties and quick recoat time.,42,paint_&_finishes_primer_drywall_primer_20250620_192959.png,PAINT & FINISHES,PRIMER
Masonry Primer,PFPR000015,38,"Alkali-resistant primer for concrete, stucco, and other alkaline masonry surfaces.",28,paint_&_finishes_primer_masonry_primer_20250620_193033.png,PAINT & FINISHES,PRIMER
Synthetic Brush Set,PFBR000016,16,Professional synthetic bristle brushes for latex paints with excellent paint pickup and smooth finish.,86,paint_&_finishes_brushes_synthetic_brush_set_20250620_193107.png,PAINT & FINISHES,BRUSHES
Natural Bristle Brush Set,PFBR000017,23,Traditional natural bristle brushes for oil-based paints and stains with superior flow and leveling.,40,paint_&_finishes_brushes_natural_bristle_brush_set_20250620_193149.png,PAINT & FINISHES,BRUSHES
Angled Brush Set,PFBR000018,20,Precision angled brushes for cutting in edges and detail work with comfortable ergonomic handles.,28,paint_&_finishes_brushes_angled_brush_set_20250620_193229.png,PAINT & FINISHES,BRUSHES
Foam Brush Set,PFBR000019,9,"Disposable foam brushes for small projects, touch-ups, and applying stains and polyurethane.",8,paint_&_finishes_brushes_foam_brush_set_20250620_193303.png,PAINT & FINISHES,BRUSHES
Artist Detail Brush Set,PFBR000020,13,"Fine detail brushes for decorative painting, trim work, and artistic applications with precise control.",55,paint_&_finishes_brushes_artist_detail_brush_set_20250620_193337.png,PAINT & FINISHES,BRUSHES
Roller Frame 9-inch,PFRL000021,10,Heavy-duty roller frame with threaded handle attachment and cage design for various cover types.,90,paint_&_finishes_rollers_roller_frame_9_inch_20250620_193410.png,PAINT & FINISHES,ROLLERS
Microfiber Roller Covers,PFRL000022,14,High-quality microfiber roller covers for smooth finishes with minimal lint and excellent paint capacity.,57,paint_&_finishes_rollers_microfiber_roller_covers_20250620_193446.png,PAINT & FINISHES,ROLLERS
Nap Roller Cover Set,PFRL000023,12,Assorted nap roller covers from 1/4-inch to 1-inch for different surface textures and paint types.,52,paint_&_finishes_rollers_nap_roller_cover_set_20250620_193520.png,PAINT & FINISHES,ROLLERS
Mini Roller Kit 4-inch,PFRL000024,8,"Compact roller kit for small areas, touch-ups, and detail work with frame and covers included.",62,paint_&_finishes_rollers_mini_roller_kit_4_inch_20250620_193555.png,PAINT & FINISHES,ROLLERS
Extension Pole 4-foot,PFRL000025,15,Telescoping extension pole for reaching high areas and reducing ladder use during painting projects.,34,paint_&_finishes_rollers_extension_pole_4_foot_20250620_193630.png,PAINT & FINISHES,ROLLERS
Aerosol Primer Spray,PFSP000026,7,"Fast-drying spray primer for metal, wood, and plastic with excellent adhesion and coverage.",76,paint_&_finishes_spray_paint_aerosol_primer_spray_20250620_193704.png,PAINT & FINISHES,SPRAY PAINT
Gloss Spray Paint,PFSP000027,8,"High-gloss aerosol paint in various colors for furniture, crafts, and small metal projects.",89,paint_&_finishes_spray_paint_gloss_spray_paint_20250620_193738.png,PAINT & FINISHES,SPRAY PAINT
Matte Finish Spray Paint,PFSP000028,7,Flat matte spray paint for decorative items and surfaces requiring a non-reflective finish.,13,paint_&_finishes_spray_paint_matte_finish_spray_paint_20250620_193812.png,PAINT & FINISHES,SPRAY PAINT
Rust Prevention Spray,PFSP000029,10,Rust-inhibitive spray paint for direct application over rust with long-lasting protection.,67,paint_&_finishes_spray_paint_rust_prevention_spray_20250620_193847.png,PAINT & FINISHES,SPRAY PAINT
Textured Spray Paint,PFSP000030,9,"Specialty textured spray paint creating stone, hammered, or wrinkle finishes on various surfaces.",26,paint_&_finishes_spray_paint_textured_spray_paint_20250620_193921.png,PAINT & FINISHES,SPRAY PAINT
Oil-Based Wood Stain,PFWS000031,29,"Penetrating oil-based stain that enhances wood grain with rich, deep color and natural look.",24,paint_&_finishes_wood_stain_oil_based_wood_stain_20250620_193956.png,PAINT & FINISHES,WOOD STAIN
Water-Based Wood Stain,PFWS000032,27,Fast-drying water-based stain with low odor and easy cleanup while maintaining wood beauty.,81,paint_&_finishes_wood_stain_water_based_wood_stain_20250620_194030.png,PAINT & FINISHES,WOOD STAIN
Gel Stain,PFWS000033,32,"Thick gel stain that won't drip or run, perfect for vertical surfaces and blotchy woods.",4,paint_&_finishes_wood_stain_gel_stain_20250620_194104.png,PAINT & FINISHES,WOOD STAIN
Semi-Transparent Deck Stain,PFWS000034,36,Outdoor deck stain with UV protection that allows wood grain to show through natural finish.,68,paint_&_finishes_wood_stain_semi_transparent_deck_stain_20250620_194138.png,PAINT & FINISHES,WOOD STAIN
Solid Color Deck Stain,PFWS000035,38,Opaque deck stain that provides full color coverage while still allowing wood texture to show.,30,paint_&_finishes_wood_stain_solid_color_deck_stain_20250620_194212.png,PAINT & FINISHES,WOOD STAIN
Clear Polyurethane Satin,PFPU000036,36,"Durable polyurethane finish with satin sheen for wood floors, furniture, and cabinets.",58,paint_&_finishes_polyurethane_clear_polyurethane_satin_20250620_194245.png,PAINT & FINISHES,POLYURETHANE
Gloss Polyurethane,PFPU000037,39,High-gloss polyurethane for maximum durability and shine on high-traffic wood surfaces.,82,paint_&_finishes_polyurethane_gloss_polyurethane_20250620_194319.png,PAINT & FINISHES,POLYURETHANE
Water-Based Polyurethane,PFPU000038,43,Fast-drying water-based polyurethane with low odor and excellent clarity for interior wood.,59,paint_&_finishes_polyurethane_water_based_polyurethane_20250620_194353.png,PAINT & FINISHES,POLYURETHANE
Oil-Based Polyurethane,PFPU000039,34,Traditional oil-based polyurethane with amber tone and superior durability for classic wood finish.,82,paint_&_finishes_polyurethane_oil_based_polyurethane_20250620_194428.png,PAINT & FINISHES,POLYURETHANE
Floor Polyurethane,PFPU000040,46,Commercial-grade floor polyurethane designed for heavy traffic areas with maximum wear resistance.,94,paint_&_finishes_polyurethane_floor_polyurethane_20250620_194503.png,PAINT & FINISHES,POLYURETHANE
Disposable Paint Tray Set,PFPT000041,6,Lightweight disposable paint trays with liners for easy cleanup and multiple project use.,12,paint_&_finishes_paint_trays_disposable_paint_tray_set_20250620_194537.png,PAINT & FINISHES,PAINT TRAYS
Metal Paint Tray 9-inch,PFPT000042,10,Durable metal paint tray with deep well and ribbed ramp for proper roller loading.,70,paint_&_finishes_paint_trays_metal_paint_tray_9_inch_20250620_194611.png,PAINT & FINISHES,PAINT TRAYS
Paint Tray Liner Set,PFPT000043,5,Disposable plastic liners that fit standard paint trays for quick cleanup and color changes.,0,paint_&_finishes_paint_trays_paint_tray_liner_set_20250620_194645.png,PAINT & FINISHES,PAINT TRAYS
Rolling Tray with Grid,PFPT000044,13,Professional rolling tray with built-in grid for removing excess paint and even coverage.,87,paint_&_finishes_paint_trays_rolling_tray_with_grid_20250620_194721.png,PAINT & FINISHES,PAINT TRAYS
Paint Bucket Grid,PFPT000045,8,Wire grid insert for paint buckets to remove excess paint from brushes and rollers.,13,paint_&_finishes_paint_trays_paint_bucket_grid_20250620_194755.png,PAINT & FINISHES,PAINT TRAYS
Canvas Drop Cloth 9x12,PFDC000046,20,Heavy-duty canvas drop cloth for floor protection during painting with absorbent cotton material.,53,paint_&_finishes_drop_cloths_canvas_drop_cloth_9x12_20250620_194828.png,PAINT & FINISHES,DROP CLOTHS
Plastic Drop Cloth,PFDC000047,5,Lightweight plastic sheeting for furniture and floor protection with easy disposal after use.,60,paint_&_finishes_drop_cloths_plastic_drop_cloth_20250620_194905.png,PAINT & FINISHES,DROP CLOTHS
Paper Drop Cloth,PFDC000048,7,Absorbent paper drop cloth for light protection and easy cleanup on small painting projects.,3,paint_&_finishes_drop_cloths_paper_drop_cloth_20250620_194939.png,PAINT & FINISHES,DROP CLOTHS
Canvas Runner 4x15,PFDC000049,14,Long canvas runner for hallway and narrow area protection during interior painting projects.,63,paint_&_finishes_drop_cloths_canvas_runner_4x15_20250620_195013.png,PAINT & FINISHES,DROP CLOTHS
Pre-Taped Masking Film,PFDC000050,10,Plastic film with pre-applied masking tape for quick coverage of windows and trim work.,97,paint_&_finishes_drop_cloths_pre_taped_masking_film_20250620_195046.png,PAINT & FINISHES,DROP CLOTHS
Wood Screw Assortment,HWSC000001,12,Comprehensive collection of wood screws in various lengths from 1/2-inch to 3-inch with Phillips and Robertson drives.,14,hardware_screws_wood_screw_assortment_20250621_112459.png,HARDWARE,SCREWS
Drywall Screws 1-5/8 inch,HWSC000002,8,Fine-thread drywall screws with sharp points for quick penetration and secure attachment to metal studs.,71,hardware_screws_drywall_screws_1_58_inch_20250620_195131.png,HARDWARE,SCREWS
Deck Screws 2-1/2 inch,HWSC000003,15,Exterior-rated deck screws with corrosion-resistant coating for outdoor construction projects.,9,hardware_screws_deck_screws_2_12_inch_20250620_195204.png,HARDWARE,SCREWS
Machine Screws Kit,HWSC000004,13,"Precision machine screws with hex, Phillips, and slotted drives in metric and standard thread pitches.",0,hardware_screws_machine_screws_kit_20250620_195239.png,HARDWARE,SCREWS
Self-Tapping Screws,HWSC000005,10,Hardened self-tapping screws for metal applications with drilling and threading action in one step.,39,hardware_screws_self_tapping_screws_20250620_195313.png,HARDWARE,SCREWS
Common Nail Assortment,HWNA000006,16,Traditional common nails from 6d to 16d for general construction and framing applications.,72,hardware_nails_common_nail_assortment_20250621_112543.png,HARDWARE,NAILS
Finish Nails 2-inch,HWNA000007,12,Small-head finish nails for trim work and cabinetry where nail heads will be countersunk and filled.,48,hardware_nails_finish_nails_2_inch_20250620_195356.png,HARDWARE,NAILS
Roofing Nails 1-1/4 inch,HWNA000008,14,Galvanized roofing nails with large heads for securing shingles and roofing materials.,55,hardware_nails_roofing_nails_1_14_inch_20250620_195430.png,HARDWARE,NAILS
Masonry Nails,HWNA000009,10,"Hardened masonry nails for fastening into concrete, brick, and block with fluted shanks for holding power.",90,hardware_nails_masonry_nails_20250620_195503.png,HARDWARE,NAILS
Brad Nails 18-gauge,HWNA000010,9,Thin brad nails for delicate trim work and attaching thin materials without splitting.,64,hardware_nails_brad_nails_18_gauge_20250620_195537.png,HARDWARE,NAILS
Hex Bolt Kit Grade 5,HWBO000011,24,High-strength Grade 5 hex bolts with matching nuts and washers in popular sizes from 1/4-inch to 1/2-inch.,96,hardware_bolts_hex_bolt_kit_grade_5_20250620_195611.png,HARDWARE,BOLTS
Carriage Bolt Set,HWBO000012,19,Smooth-head carriage bolts with square necks for wood applications and matching hex nuts.,70,hardware_bolts_carriage_bolt_set_20250620_195645.png,HARDWARE,BOLTS
Eye Bolts Assorted,HWBO000013,16,Forged eye bolts for hanging applications and rigging with thimbles and hardware included.,17,hardware_bolts_eye_bolts_assorted_20250620_195718.png,HARDWARE,BOLTS
Lag Bolts 1/2 x 6-inch,HWBO000014,28,Heavy-duty lag bolts with hex heads for securing large timbers and structural connections.,20,hardware_bolts_lag_bolts_12_x_6_inch_20250620_195752.png,HARDWARE,BOLTS
Toggle Bolt Set,HWBO000015,13,Spring-loaded toggle bolts for hollow wall applications with various lengths and thread sizes.,64,hardware_bolts_toggle_bolt_set_20250620_195826.png,HARDWARE,BOLTS
Flat Washer Assortment SAE,HWWA000016,8,Standard flat washers in SAE sizes to distribute load and prevent bolt head pull-through.,57,hardware_washers_flat_washer_assortment_sae_20250620_195901.png,HARDWARE,WASHERS
Lock Washer Set,HWWA000017,10,Split ring lock washers that prevent loosening of bolted connections under vibration.,11,hardware_washers_lock_washer_set_20250620_195935.png,HARDWARE,WASHERS
Fender Washer Kit,HWWA000018,12,Large-diameter fender washers for distributing loads over larger areas and soft materials.,16,hardware_washers_fender_washer_kit_20250620_200008.png,HARDWARE,WASHERS
Rubber Washer Set,HWWA000019,6,Flexible rubber washers for sealing applications and preventing metal-to-metal contact.,98,hardware_washers_rubber_washer_set_20250620_200043.png,HARDWARE,WASHERS
Metric Washer Assortment,HWWA000020,8,Complete metric flat washer set for European and Asian equipment and machinery.,6,hardware_washers_metric_washer_assortment_20250620_200116.png,HARDWARE,WASHERS
Butt Hinge 3-1/2 inch,HWHI000021,16,Standard door butt hinges with removable pins and screw holes for interior door hanging.,59,hardware_hinges_butt_hinge_3_12_inch_20250620_200151.png,HARDWARE,HINGES
Piano Hinge 2-foot,HWHI000022,24,"Continuous piano hinge for cabinet doors, lids, and long applications requiring full-length support.",16,hardware_hinges_piano_hinge_2_foot_20250620_200224.png,HARDWARE,HINGES
Strap Hinge Heavy Duty,HWHI000023,20,"Heavy-duty strap hinges for gates, shutters, and outdoor applications with rust-resistant finish.",25,hardware_hinges_strap_hinge_heavy_duty_20250620_200258.png,HARDWARE,HINGES
Spring Hinge Self-Closing,HWHI000024,28,Self-closing spring hinges that automatically return doors to closed position for screen doors.,76,hardware_hinges_spring_hinge_self_closing_20250620_200332.png,HARDWARE,HINGES
Concealed Cabinet Hinge,HWHI000025,13,European-style concealed hinges for modern cabinet doors with adjustable mounting plates.,11,hardware_hinges_concealed_cabinet_hinge_20250620_200407.png,HARDWARE,HINGES
Cabinet Knob Set Brushed Nickel,HWHK000026,30,Modern cabinet knobs in brushed nickel finish with matching screws and mounting hardware.,5,hardware_handles_&_knobs_cabinet_knob_set_brushed_nickel_20250620_200441.png,HARDWARE,HANDLES & KNOBS
Cabinet Pull 4-inch Centers,HWHK000027,36,Contemporary cabinet pulls with 4-inch hole spacing in various finishes and styles.,98,hardware_handles_&_knobs_cabinet_pull_4_inch_centers_20250620_200515.png,HARDWARE,HANDLES & KNOBS
Door Handle Lever Set,HWHK000028,48,Interior door lever handle set with latch and strike plate for modern door hardware.,7,hardware_handles_&_knobs_door_handle_lever_set_20250620_200548.png,HARDWARE,HANDLES & KNOBS
Drawer Pull 5-inch,HWHK000029,24,Traditional drawer pulls with antique brass finish for classic furniture and cabinetry.,26,hardware_handles_&_knobs_drawer_pull_5_inch_20250620_200623.png,HARDWARE,HANDLES & KNOBS
T-Handle Cabinet Hardware,HWHK000030,16,Functional T-handle pulls for workshop cabinets and utility storage with secure grip.,41,hardware_handles_&_knobs_t_handle_cabinet_hardware_20250620_200657.png,HARDWARE,HANDLES & KNOBS
Deadbolt Lock Keyed,HWLO000031,45,Single-cylinder deadbolt lock with pick-resistant pins and hardened steel bolt for security.,52,hardware_locks_deadbolt_lock_keyed_20250620_200732.png,HARDWARE,LOCKS
Door Knob Lock Set,HWLO000032,35,Entry door knob lock set with key-in-knob design and matching interior and exterior finishes.,68,hardware_locks_door_knob_lock_set_20250620_200807.png,HARDWARE,LOCKS
Padlock Set Keyed Alike,HWLO000033,28,Weather-resistant padlocks keyed alike for multiple applications with hardened steel shackles.,1,hardware_locks_padlock_set_keyed_alike_20250620_200841.png,HARDWARE,LOCKS
Cabinet Lock Cam Type,HWLO000034,15,Cam lock for cabinets and drawers with 90-degree turn action and removable key feature.,55,hardware_locks_cabinet_lock_cam_type_20250620_200914.png,HARDWARE,LOCKS
Chain Lock Door Security,HWLO000035,12,Door chain lock for additional security allowing partial door opening while maintaining control.,52,hardware_locks_chain_lock_door_security_20250620_200949.png,HARDWARE,LOCKS
Security Hasp 6-inch,HWHL000036,12,"Heavy-duty hasp and staple set for padlock security on gates, sheds, and storage areas.",59,hardware_hasps_&_latches_security_hasp_6_inch_20250620_201023.png,HARDWARE,HASPS & LATCHES
Barrel Latch 4-inch,HWHL000037,8,Spring-loaded barrel latch for gates and doors with automatic latching action.,33,hardware_hasps_&_latches_barrel_latch_4_inch_20250620_201058.png,HARDWARE,HASPS & LATCHES
Thumb Latch Galvanized,HWHL000038,15,Traditional thumb latch for gates with galvanized finish for outdoor weather resistance.,49,hardware_hasps_&_latches_thumb_latch_galvanized_20250620_201132.png,HARDWARE,HASPS & LATCHES
Slide Bolt Latch,HWHL000039,10,Surface-mount slide bolt latch for doors and gates with smooth sliding action.,3,hardware_hasps_&_latches_slide_bolt_latch_20250620_201206.png,HARDWARE,HASPS & LATCHES
Hook and Eye Latch,HWHL000040,6,Simple hook and eye latch for lightweight doors and gate applications with various sizes.,57,hardware_hasps_&_latches_hook_and_eye_latch_20250620_201239.png,HARDWARE,HASPS & LATCHES
Shelf Bracket 8-inch,HWBK000041,10,Heavy-duty steel shelf brackets with decorative scrollwork and powder-coated finish.,7,hardware_brackets_shelf_bracket_8_inch_20250620_201313.png,HARDWARE,BRACKETS
Angle Bracket 4-inch,HWBK000042,8,Right-angle corner brackets for reinforcing joints and connecting perpendicular members.,35,hardware_brackets_angle_bracket_4_inch_20250620_201346.png,HARDWARE,BRACKETS
L-Bracket Galvanized,HWBK000043,5,Simple L-brackets in galvanized steel for basic corner reinforcement and light-duty connections.,82,hardware_brackets_l_bracket_galvanized_20250620_201421.png,HARDWARE,BRACKETS
Floating Shelf Bracket,HWBK000044,13,Concealed floating shelf brackets that create the appearance of unsupported shelving.,95,hardware_brackets_floating_shelf_bracket_20250620_201455.png,HARDWARE,BRACKETS
Countertop Support Bracket,HWBK000045,16,Heavy-duty brackets designed to support overhanging countertops and work surfaces.,16,hardware_brackets_countertop_support_bracket_20250620_201528.png,HARDWARE,BRACKETS
Swivel Caster 2-inch,HWCA000046,15,Heavy-duty swivel casters with ball bearing races for smooth rolling and 360-degree rotation.,67,hardware_casters_swivel_caster_2_inch_20250620_201602.png,HARDWARE,CASTERS
Fixed Caster 3-inch,HWCA000047,12,Rigid fixed casters for straight-line movement with polyurethane wheels for floor protection.,43,hardware_casters_fixed_caster_3_inch_20250620_201637.png,HARDWARE,CASTERS
Locking Caster Set,HWCA000048,21,Swivel casters with foot-operated locks for both wheel rotation and swivel action.,81,hardware_casters_locking_caster_set_20250620_201711.png,HARDWARE,CASTERS
Pneumatic Caster 4-inch,HWCA000049,28,Air-filled pneumatic casters for smooth rolling over rough surfaces and outdoor use.,68,hardware_casters_pneumatic_caster_4_inch_20250620_201744.png,HARDWARE,CASTERS
Furniture Caster Set,HWCA000050,10,Small furniture casters with soft wheels for hardwood floor protection and quiet operation.,95,hardware_casters_furniture_caster_set_20250620_201819.png,HARDWARE,CASTERS
Pressure Treated 2x4x8,LBDL000001,8,Kiln-dried pressure-treated lumber for structural framing and outdoor construction projects.,19,lumber_&_building_materials_dimensional_lumber_pressure_treated_2x4x8_20250620_201852.png,LUMBER & BUILDING MATERIALS,DIMENSIONAL LUMBER
Douglas Fir 2x6x10,LBDL000002,13,Premium Douglas fir dimensional lumber for structural applications with excellent strength-to-weight ratio.,53,lumber_&_building_materials_dimensional_lumber_douglas_fir_2x6x10_20250620_201926.png,LUMBER & BUILDING MATERIALS,DIMENSIONAL LUMBER
Cedar 2x4x8,LBDL000003,18,Natural cedar lumber with built-in insect and decay resistance for outdoor construction.,81,lumber_&_building_materials_dimensional_lumber_cedar_2x4x8_20250620_202000.png,LUMBER & BUILDING MATERIALS,DIMENSIONAL LUMBER
Pine Stud 2x4x8,LBDL000004,6,Kiln-dried pine construction studs for interior framing with straight grain and minimal defects.,72,lumber_&_building_materials_dimensional_lumber_pine_stud_2x4x8_20250620_202034.png,LUMBER & BUILDING MATERIALS,DIMENSIONAL LUMBER
Treated 2x8x12 Joist,LBDL000005,22,Heavy-duty pressure-treated joists for deck framing and structural support applications.,76,lumber_&_building_materials_dimensional_lumber_treated_2x8x12_joist_20250620_202108.png,LUMBER & BUILDING MATERIALS,DIMENSIONAL LUMBER
CDX Plywood 4x8x3/4,LBPLY001,45,Construction-grade CDX plywood with C-face and D-back for structural sheathing and subflooring.,64,lumber_&_building_materials_plywood_cdx_plywood_4x8x34_20250620_202142.png,LUMBER & BUILDING MATERIALS,PLYWOOD
Birch Plywood 4x8x1/2,LBPLY002,58,High-grade birch plywood with smooth surface for cabinet making and furniture construction.,53,lumber_&_building_materials_plywood_birch_plywood_4x8x12_20250620_202216.png,LUMBER & BUILDING MATERIALS,PLYWOOD
Marine Plywood 4x8x3/4,LBPLY003,82,Waterproof marine-grade plywood with void-free core for boat building and exterior applications.,10,lumber_&_building_materials_plywood_marine_plywood_4x8x34_20250620_202249.png,LUMBER & BUILDING MATERIALS,PLYWOOD
OSB Sheathing 4x8x7/16,LBPLY004,32,Oriented strand board sheathing for wall and roof sheathing with moisture resistance.,2,lumber_&_building_materials_plywood_osb_sheathing_4x8x716_20250620_202323.png,LUMBER & BUILDING MATERIALS,PLYWOOD
Pressure Treated Plywood,LBPLY005,65,Exterior-grade pressure-treated plywood for outdoor applications and ground contact use.,73,lumber_&_building_materials_plywood_pressure_treated_plywood_20250620_202358.png,LUMBER & BUILDING MATERIALS,PLYWOOD
Standard Drywall 4x8x1/2,LBDW000006,16,Regular gypsum drywall for interior walls and ceilings in dry locations.,88,lumber_&_building_materials_drywall_standard_drywall_4x8x12_20250620_202431.png,LUMBER & BUILDING MATERIALS,DRYWALL
Moisture Resistant Drywall,LBDW000007,20,Green board drywall for bathrooms and high-humidity areas with moisture-resistant core.,97,lumber_&_building_materials_drywall_moisture_resistant_drywall_20250620_202507.png,LUMBER & BUILDING MATERIALS,DRYWALL
Fire Resistant Drywall,LBDW000008,24,Type X fire-rated drywall for enhanced fire protection in commercial and residential applications.,50,lumber_&_building_materials_drywall_fire_resistant_drywall_20250620_202546.png,LUMBER & BUILDING MATERIALS,DRYWALL
Lightweight Drywall 4x8,LBDW000009,18,Ultra-light drywall that's 25% lighter than standard board for easier handling and installation.,45,lumber_&_building_materials_drywall_lightweight_drywall_4x8_20250620_202620.png,LUMBER & BUILDING MATERIALS,DRYWALL
Soundproof Drywall 4x8,LBDW000010,35,Sound-dampening drywall with enhanced acoustic properties for noise reduction between rooms.,10,lumber_&_building_materials_drywall_soundproof_drywall_4x8_20250620_202655.png,LUMBER & BUILDING MATERIALS,DRYWALL
Fiberglass Batts R-13,LBIN000011,32,Standard fiberglass insulation batts for 2x4 wall construction with moisture barrier.,82,lumber_&_building_materials_insulation_fiberglass_batts_r_13_20250620_202730.png,LUMBER & BUILDING MATERIALS,INSULATION
Blown-In Insulation R-30,LBIN000012,48,Loose-fill fiberglass insulation for attics and hard-to-reach areas with higher R-value.,8,lumber_&_building_materials_insulation_blown_in_insulation_r_30_20250620_202805.png,LUMBER & BUILDING MATERIALS,INSULATION
Foam Board Insulation,LBIN000013,35,Rigid foam insulation board for continuous insulation and thermal bridging reduction.,77,lumber_&_building_materials_insulation_foam_board_insulation_20250620_202840.png,LUMBER & BUILDING MATERIALS,INSULATION
Spray Foam Kit,LBIN000014,65,Two-component spray foam insulation kit for air sealing and insulating irregular spaces.,40,lumber_&_building_materials_insulation_spray_foam_kit_20250620_202915.png,LUMBER & BUILDING MATERIALS,INSULATION
Reflective Insulation,LBIN000015,25,Radiant barrier insulation with reflective surface for reducing heat transfer in attics.,17,lumber_&_building_materials_insulation_reflective_insulation_20250620_202949.png,LUMBER & BUILDING MATERIALS,INSULATION
OSB Sheathing 4x8x7/16,LBOSB001,29,Standard OSB sheathing for roof and wall construction with moisture-resistant adhesive.,57,lumber_&_building_materials_osb_osb_sheathing_4x8x716_20250620_203030.png,LUMBER & BUILDING MATERIALS,OSB
OSB Subflooring 4x8x3/4,LBOSB002,35,Tongue-and-groove OSB subflooring with engineered strength for floor systems.,78,lumber_&_building_materials_osb_osb_subflooring_4x8x34_20250620_203106.png,LUMBER & BUILDING MATERIALS,OSB
Advantech Subflooring,LBOSB003,50,Premium engineered subflooring with superior moisture resistance and dimensional stability.,93,lumber_&_building_materials_osb_advantech_subflooring_20250620_203141.png,LUMBER & BUILDING MATERIALS,OSB
ZIP System Sheathing,LBOSB004,58,Integrated sheathing and weather barrier system with built-in moisture protection.,46,lumber_&_building_materials_osb_zip_system_sheathing_20250620_203216.png,LUMBER & BUILDING MATERIALS,OSB
OSB Siding Panel,LBOSB005,42,Textured OSB siding panels for exterior wall cladding with weather-resistant coating.,3,lumber_&_building_materials_osb_osb_siding_panel_20250620_203250.png,LUMBER & BUILDING MATERIALS,OSB
Crown Molding Pine 8ft,LBMLD001,16,Traditional crown molding in clear pine for elegant interior trim applications.,58,lumber_&_building_materials_molding_crown_molding_pine_8ft_20250620_203323.png,LUMBER & BUILDING MATERIALS,MOLDING
Baseboard Molding 8ft,LBMLD002,12,Classic baseboard molding for finishing floor-to-wall transitions with smooth profile.,56,lumber_&_building_materials_molding_baseboard_molding_8ft_20250620_203357.png,LUMBER & BUILDING MATERIALS,MOLDING
Chair Rail Molding,LBMLD003,10,Decorative chair rail molding for protecting walls and adding architectural interest.,95,lumber_&_building_materials_molding_chair_rail_molding_20250620_203431.png,LUMBER & BUILDING MATERIALS,MOLDING
Quarter Round 8ft,LBMLD004,6,Small quarter-round molding for covering gaps between flooring and baseboards.,6,lumber_&_building_materials_molding_quarter_round_8ft_20250620_203505.png,LUMBER & BUILDING MATERIALS,MOLDING
Window Casing Set,LBMLD005,21,Complete window casing set including head and side casings for professional window trim.,29,lumber_&_building_materials_molding_window_casing_set_20250620_203539.png,LUMBER & BUILDING MATERIALS,MOLDING
Pine Board 1x4x8,LBTRM001,10,"Clear pine boards for interior trim, shelving, and general construction applications.",27,lumber_&_building_materials_trim_boards_pine_board_1x4x8_20250620_203614.png,LUMBER & BUILDING MATERIALS,TRIM BOARDS
Poplar Board 1x6x8,LBTRM002,14,Premium poplar lumber with fine grain for painting and high-quality trim work.,29,lumber_&_building_materials_trim_boards_poplar_board_1x6x8_20250620_203647.png,LUMBER & BUILDING MATERIALS,TRIM BOARDS
Cedar Board 1x8x10,LBTRM003,20,Natural cedar boards for exterior trim and siding with built-in weather resistance.,11,lumber_&_building_materials_trim_boards_cedar_board_1x8x10_20250620_203721.png,LUMBER & BUILDING MATERIALS,TRIM BOARDS
MDF Trim Board 1x4,LBTRM004,8,Medium-density fiberboard trim with smooth surface perfect for painted applications.,47,lumber_&_building_materials_trim_boards_mdf_trim_board_1x4_20250620_203756.png,LUMBER & BUILDING MATERIALS,TRIM BOARDS
PVC Trim Board 1x6,LBTRM005,25,"Cellular PVC trim board that won't rot, warp, or require painting for exterior use.",98,lumber_&_building_materials_trim_boards_pvc_trim_board_1x6_20250620_203830.png,LUMBER & BUILDING MATERIALS,TRIM BOARDS
Quikrete Mix 80lb,LBCNC001,7,"Fast-setting concrete mix for fence posts, mailboxes, and small concrete projects.",70,lumber_&_building_materials_concrete_mix_quikrete_mix_80lb_20250620_203904.png,LUMBER & BUILDING MATERIALS,CONCRETE MIX
Ready Mix Concrete 60lb,LBCNC002,6,"Standard concrete mix for sidewalks, driveways, and general concrete construction.",66,lumber_&_building_materials_concrete_mix_ready_mix_concrete_60lb_20250620_203938.png,LUMBER & BUILDING MATERIALS,CONCRETE MIX
High Strength Mix 80lb,LBCNC003,8,High-strength concrete mix for structural applications requiring superior compressive strength.,21,lumber_&_building_materials_concrete_mix_high_strength_mix_80lb_20250620_204013.png,LUMBER & BUILDING MATERIALS,CONCRETE MIX
Crack Resistant Mix,LBCNC004,10,Fiber-reinforced concrete mix with enhanced crack resistance for durable installations.,57,lumber_&_building_materials_concrete_mix_crack_resistant_mix_20250620_204048.png,LUMBER & BUILDING MATERIALS,CONCRETE MIX
Fast-Set Concrete 50lb,LBCNC005,8,Rapid-setting concrete that sets in 20 minutes for quick project completion.,54,lumber_&_building_materials_concrete_mix_fast_set_concrete_50lb_20250620_204140.png,LUMBER & BUILDING MATERIALS,CONCRETE MIX
Hardiebacker 3x5x1/4,LBCMN001,25,Fiber cement backer board for tile underlayment in wet areas with mold resistance.,19,lumber_&_building_materials_cement_board_hardiebacker_3x5x14_20250620_204215.png,LUMBER & BUILDING MATERIALS,CEMENT BOARD
Durock Cement Board,LBCMN002,29,Glass mesh reinforced cement board for heavy tile installations and shower surrounds.,38,lumber_&_building_materials_cement_board_durock_cement_board_20250620_204250.png,LUMBER & BUILDING MATERIALS,CEMENT BOARD
Permabase Board 4x8,LBCMN003,32,Cement fiber board with moisture barrier for waterproof tile installations.,6,lumber_&_building_materials_cement_board_permabase_board_4x8_20250620_204325.png,LUMBER & BUILDING MATERIALS,CEMENT BOARD
WonderBoard Lite,LBCMN004,20,Lightweight cement board that's easier to cut and handle while maintaining strength.,31,lumber_&_building_materials_cement_board_wonderboard_lite_20250620_204358.png,LUMBER & BUILDING MATERIALS,CEMENT BOARD
Exterior Cement Board,LBCMN005,40,Weather-resistant cement board for exterior tile and stone veneer applications.,35,lumber_&_building_materials_cement_board_exterior_cement_board_20250620_204433.png,LUMBER & BUILDING MATERIALS,CEMENT BOARD
PT Post 4x4x8,LBTRT001,13,Pressure-treated fence post with .40 retention for ground contact applications.,49,lumber_&_building_materials_treated_posts_pt_post_4x4x8_20250620_204507.png,LUMBER & BUILDING MATERIALS,TREATED POSTS
Cedar Post 6x6x8,LBTRT002,25,Natural cedar post with built-in decay resistance for premium fence construction.,94,lumber_&_building_materials_treated_posts_cedar_post_6x6x8_20250620_204541.png,LUMBER & BUILDING MATERIALS,TREATED POSTS
PT Landscape Timber,LBTRT003,10,Pressure-treated landscape timber for retaining walls and garden bed construction.,26,lumber_&_building_materials_treated_posts_pt_landscape_timber_20250620_204615.png,LUMBER & BUILDING MATERIALS,TREATED POSTS
Round Fence Post 8ft,LBTRT004,18,Pressure-treated round fence post with pointed end for easy installation.,36,lumber_&_building_materials_treated_posts_round_fence_post_8ft_20250620_204649.png,LUMBER & BUILDING MATERIALS,TREATED POSTS
Deck Post 6x6x10,LBTRT005,32,Heavy-duty pressure-treated post for deck construction and structural support applications.,22,lumber_&_building_materials_treated_posts_deck_post_6x6x10_20250620_204722.png,LUMBER & BUILDING MATERIALS,TREATED POSTS
Romex Wire 14-2 250ft,ELWIR001,50,14-gauge Romex cable for 15-amp circuits with ground wire for residential electrical installations.,93,electrical_wire_romex_wire_14_2_250ft_20250620_204756.png,ELECTRICAL,WIRE
Romex Wire 12-2 250ft,ELWIR002,65,12-gauge Romex cable for 20-amp circuits including kitchen outlets and bathroom circuits.,89,electrical_wire_romex_wire_12_2_250ft_20250620_204830.png,ELECTRICAL,WIRE
THHN Wire 12 AWG,ELWIR003,40,Single conductor THHN wire for conduit applications with heat and moisture resistance.,51,electrical_wire_thhn_wire_12_awg_20250620_204904.png,ELECTRICAL,WIRE
Underground Wire 12-2,ELWIR004,75,Direct burial electrical cable for outdoor lighting and underground electrical runs.,36,electrical_wire_underground_wire_12_2_20250620_204938.png,ELECTRICAL,WIRE
Armored Cable BX 12-2,ELWIR005,85,Metal-clad cable with flexible armor for commercial and industrial electrical applications.,44,electrical_wire_armored_cable_bx_12_2_20250620_205012.png,ELECTRICAL,WIRE
Standard Outlet 15-Amp,ELOTL001,5,Basic duplex outlet with grounding for general household electrical applications.,4,electrical_outlets_standard_outlet_15_amp_20250620_205045.png,ELECTRICAL,OUTLETS
GFCI Outlet 20-Amp,ELOTL002,18,Ground fault circuit interrupter outlet for wet locations with test and reset buttons.,64,electrical_outlets_gfci_outlet_20_amp_20250620_205119.png,ELECTRICAL,OUTLETS
USB Outlet with Charging,ELOTL003,25,Combination outlet with USB ports for convenient device charging without adapters.,56,electrical_outlets_usb_outlet_with_charging_20250620_205152.png,ELECTRICAL,OUTLETS
AFCI Outlet 15-Amp,ELOTL004,29,Arc fault circuit interrupter outlet for enhanced electrical fire protection.,31,electrical_outlets_afci_outlet_15_amp_20250620_205226.png,ELECTRICAL,OUTLETS
Weather Resistant Outlet,ELOTL005,14,Outdoor outlet with weather-resistant cover for exterior electrical installations.,12,electrical_outlets_weather_resistant_outlet_20250620_205301.png,ELECTRICAL,OUTLETS
Single Pole Switch,ELSWT001,6,Basic single pole light switch for controlling lights from one location.,84,electrical_switches_single_pole_switch_20250620_205334.png,ELECTRICAL,SWITCHES
Dimmer Switch LED,ELSWT002,15,Electronic dimmer compatible with LED and CFL bulbs with smooth dimming control.,52,electrical_switches_dimmer_switch_led_20250620_205408.png,ELECTRICAL,SWITCHES
Three-Way Switch,ELSWT003,8,Three-way switch for controlling lights from two different locations.,65,electrical_switches_three_way_switch_20250620_205449.png,ELECTRICAL,SWITCHES
Motion Sensor Switch,ELSWT004,25,Automatic switch with motion detection for hands-free lighting control.,54,electrical_switches_motion_sensor_switch_20250620_205523.png,ELECTRICAL,SWITCHES
Timer Switch,ELSWT005,20,Programmable timer switch for automatic lighting and fan control with multiple settings.,37,electrical_switches_timer_switch_20250620_205557.png,ELECTRICAL,SWITCHES
Single Pole Breaker 15A,ELCB000001,18,Standard single pole circuit breaker for 120V residential electrical panels.,96,electrical_circuit_breakers_single_pole_breaker_15a_20250620_205630.png,ELECTRICAL,CIRCUIT BREAKERS
Single Pole Breaker 20A,ELCB000002,22,20-amp single pole breaker for kitchen and bathroom circuit protection.,30,electrical_circuit_breakers_single_pole_breaker_20a_20250620_205711.png,ELECTRICAL,CIRCUIT BREAKERS
Double Pole Breaker 30A,ELCB000003,38,Double pole breaker for 240V appliances like electric dryers and water heaters.,46,electrical_circuit_breakers_double_pole_breaker_30a_20250620_205747.png,ELECTRICAL,CIRCUIT BREAKERS
GFCI Breaker 20-Amp,ELCB000004,52,Ground fault circuit interrupter breaker for wet location protection at panel level.,14,electrical_circuit_breakers_gfci_breaker_20_amp_20250620_205822.png,ELECTRICAL,CIRCUIT BREAKERS
AFCI Breaker 15-Amp,ELCB000005,48,Arc fault circuit interrupter breaker for bedroom and living area fire protection.,57,electrical_circuit_breakers_afci_breaker_15_amp_20250620_205856.png,ELECTRICAL,CIRCUIT BREAKERS
EMT Conduit 1/2-inch,ELCO000006,6,Electrical metallic tubing for protecting wiring in commercial applications.,16,electrical_conduit_emt_conduit_12_inch_20250620_205930.png,ELECTRICAL,CONDUIT
PVC Conduit 3/4-inch,ELCO000007,8,PVC electrical conduit for underground and wet location wire protection.,94,electrical_conduit_pvc_conduit_34_inch_20250620_210003.png,ELECTRICAL,CONDUIT
Flexible Conduit 1/2-inch,ELCO000008,12,Flexible metal conduit for connections to motors and vibrating equipment.,74,electrical_conduit_flexible_conduit_12_inch_20250620_210037.png,ELECTRICAL,CONDUIT
Rigid Conduit 1-inch,ELCO000009,16,Heavy-duty rigid metal conduit for industrial and outdoor electrical installations.,61,electrical_conduit_rigid_conduit_1_inch_20250620_210111.png,ELECTRICAL,CONDUIT
Liquid-Tight Conduit,ELCO000010,20,Waterproof flexible conduit for outdoor and wet location electrical connections.,89,electrical_conduit_liquid_tight_conduit_20250620_210146.png,ELECTRICAL,CONDUIT
Outlet Box Single Gang,ELJB000011,4,Standard single gang electrical box for switches and outlets in wall installations.,24,electrical_junction_boxes_outlet_box_single_gang_20250620_210220.png,ELECTRICAL,JUNCTION BOXES
Junction Box 4x4,ELJB000012,6,Square junction box for wire splicing and electrical connections with knockouts.,82,electrical_junction_boxes_junction_box_4x4_20250620_210255.png,ELECTRICAL,JUNCTION BOXES
Ceiling Box with Bracket,ELJB000013,8,Ceiling electrical box with adjustable bracket for light fixture mounting.,87,electrical_junction_boxes_ceiling_box_with_bracket_20250620_210330.png,ELECTRICAL,JUNCTION BOXES
Old Work Box,ELJB000014,6,Retrofit electrical box for adding outlets to existing walls without wall removal.,82,electrical_junction_boxes_old_work_box_20250620_210403.png,ELECTRICAL,JUNCTION BOXES
Weatherproof Box,ELJB000015,14,Outdoor electrical box with gasket seal for weather protection in exterior applications.,96,electrical_junction_boxes_weatherproof_box_20250620_210438.png,ELECTRICAL,JUNCTION BOXES
Wire Nut Assortment,ELWRN001,8,Color-coded wire nuts in multiple sizes for various wire gauge combinations.,82,electrical_wire_nuts_wire_nut_assortment_20250620_210513.png,ELECTRICAL,WIRE NUTS
Twist-On Connectors,ELWRN002,6,Standard twist-on wire connectors for joining 2-3 wires in electrical boxes.,1,electrical_wire_nuts_twist_on_connectors_20250620_210547.png,ELECTRICAL,WIRE NUTS
Push-In Connectors,ELWRN003,10,Lever-operated wire connectors for quick and secure electrical connections.,97,electrical_wire_nuts_push_in_connectors_20250620_210621.png,ELECTRICAL,WIRE NUTS
Grease Cap Wire Nuts,ELWRN004,10,Waterproof wire nuts with silicone grease for outdoor electrical connections.,73,electrical_wire_nuts_grease_cap_wire_nuts_20250620_210655.png,ELECTRICAL,WIRE NUTS
Large Wire Nuts,ELWRN005,7,Heavy-duty wire nuts for connecting larger gauge wires and multiple conductors.,70,electrical_wire_nuts_large_wire_nuts_20250620_210729.png,ELECTRICAL,WIRE NUTS
Indoor Extension Cord 25ft,ELEC000016,18,16-gauge indoor extension cord for household appliances and electronics.,98,electrical_extension_cords_indoor_extension_cord_25ft_20250620_210803.png,ELECTRICAL,EXTENSION CORDS
Outdoor Extension Cord 50ft,ELEC000017,38,12-gauge outdoor cord with weather-resistant jacket for power tools and equipment.,17,electrical_extension_cords_outdoor_extension_cord_50ft_20250620_210836.png,ELECTRICAL,EXTENSION CORDS
Heavy Duty Cord 100ft,ELEC000018,65,Professional-grade extension cord for construction and industrial applications.,87,electrical_extension_cords_heavy_duty_cord_100ft_20250620_210912.png,ELECTRICAL,EXTENSION CORDS
Retractable Cord Reel,ELEC000019,52,Automatic retractable extension cord reel for workshop and garage organization.,39,electrical_extension_cords_retractable_cord_reel_20250620_210946.png,ELECTRICAL,EXTENSION CORDS
Multi-Outlet Power Strip,ELEC000020,25,Power strip with surge protection and multiple outlets for electronics protection.,42,electrical_extension_cords_multi_outlet_power_strip_20250620_211021.png,ELECTRICAL,EXTENSION CORDS
LED Flush Mount Ceiling,ELLF000021,40,Energy-efficient LED ceiling fixture with modern design and long bulb life.,5,electrical_light_fixtures_led_flush_mount_ceiling_20250620_211054.png,ELECTRICAL,LIGHT FIXTURES
Pendant Light Kitchen,ELLF000022,58,Decorative pendant light for kitchen islands and dining areas with adjustable height.,11,electrical_light_fixtures_pendant_light_kitchen_20250620_211130.png,ELECTRICAL,LIGHT FIXTURES
Vanity Light 3-Bulb,ELLF000023,50,Bathroom vanity light with multiple bulbs for even illumination and style.,98,electrical_light_fixtures_vanity_light_3_bulb_20250620_211203.png,ELECTRICAL,LIGHT FIXTURES
Track Lighting Kit,ELLF000024,70,Adjustable track lighting system with multiple spotlights for accent lighting.,68,electrical_light_fixtures_track_lighting_kit_20250620_211237.png,ELECTRICAL,LIGHT FIXTURES
Outdoor Flood Light LED,ELLF000025,32,Weather-resistant LED flood light with motion sensor for security lighting.,20,electrical_light_fixtures_outdoor_flood_light_led_20250620_211313.png,ELECTRICAL,LIGHT FIXTURES
Vinyl Electrical Tape,ELET000026,4,Standard black electrical tape for insulating wire connections and splices.,95,electrical_electrical_tape_vinyl_electrical_tape_20250620_211346.png,ELECTRICAL,ELECTRICAL TAPE
High-Temp Electrical Tape,ELET000027,7,Heat-resistant electrical tape for high-temperature electrical applications.,30,electrical_electrical_tape_high_temp_electrical_tape_20250620_211420.png,ELECTRICAL,ELECTRICAL TAPE
Color-Coded Tape Set,ELET000028,10,Assorted colored electrical tape for wire identification and phase marking.,14,electrical_electrical_tape_color_coded_tape_set_20250620_211453.png,ELECTRICAL,ELECTRICAL TAPE
Self-Fusing Silicone Tape,ELET000029,13,Self-amalgamating tape that bonds to itself for waterproof electrical connections.,35,electrical_electrical_tape_self_fusing_silicone_tape_20250620_211527.png,ELECTRICAL,ELECTRICAL TAPE
Friction Tape,ELET000030,6,Cotton friction tape for mechanical protection and insulation of electrical connections.,22,electrical_electrical_tape_friction_tape_20250620_211600.png,ELECTRICAL,ELECTRICAL TAPE
PVC Pipe 3-inch x 10ft,PLPVC001,18,Schedule 40 PVC pipe for main drain lines and sewer connections.,16,plumbing_pvc_pipe_pvc_pipe_3_inch_x_10ft_20250620_211634.png,PLUMBING,PVC PIPE
PVC Pipe 4-inch x 10ft,PLPVC002,21,Large diameter PVC pipe for building drains and main waste lines.,78,plumbing_pvc_pipe_pvc_pipe_4_inch_x_10ft_20250620_211710.png,PLUMBING,PVC PIPE
PVC Pipe 1-1/2 inch x 10ft,PLPVC003,12,Standard PVC pipe for sink and bathroom drain connections.,13,plumbing_pvc_pipe_pvc_pipe_1_12_inch_x_10ft_20250620_211743.png,PLUMBING,PVC PIPE
PVC Pipe 2-inch x 10ft,PLPVC004,15,Medium PVC pipe for vent stacks and larger drain applications.,100,plumbing_pvc_pipe_pvc_pipe_2_inch_x_10ft_20250620_211817.png,PLUMBING,PVC PIPE
Flexible PVC Pipe,PLPVC005,25,Flexible PVC for tight spaces and curved pipe runs with standard fittings.,18,plumbing_pvc_pipe_flexible_pvc_pipe_20250620_211851.png,PLUMBING,PVC PIPE
Copper Pipe 1/2-inch Type L,PLCPP001,38,Type L copper tubing for hot and cold water supply lines with medium wall thickness.,29,plumbing_copper_pipe_copper_pipe_12_inch_type_l_20250620_211925.png,PLUMBING,COPPER PIPE
Copper Pipe 3/4-inch Type L,PLCPP002,52,Larger copper pipe for main water lines and high-flow applications.,10,plumbing_copper_pipe_copper_pipe_34_inch_type_l_20250620_212000.png,PLUMBING,COPPER PIPE
Copper Pipe 1-inch Type L,PLCPP003,68,Heavy-duty copper pipe for main service lines and commercial applications.,17,plumbing_copper_pipe_copper_pipe_1_inch_type_l_20250620_212034.png,PLUMBING,COPPER PIPE
Soft Copper Coil 1/2-inch,PLCPP004,48,Flexible soft copper in coil form for easy installation around obstacles.,97,plumbing_copper_pipe_soft_copper_coil_12_inch_20250620_212109.png,PLUMBING,COPPER PIPE
Pre-Insulated Copper Pipe,PLCPP005,60,Copper pipe with foam insulation for energy efficiency and condensation control.,85,plumbing_copper_pipe_pre_insulated_copper_pipe_20250620_212142.png,PLUMBING,COPPER PIPE
PVC Elbow Assortment,PLPPF001,14,90-degree PVC elbows in various sizes for changing pipe direction.,26,plumbing_pipe_fittings_pvc_elbow_assortment_20250620_212219.png,PLUMBING,PIPE FITTINGS
PVC Tee Fitting Set,PLPPF002,18,PVC tee fittings for branch connections in drain and vent systems.,0,plumbing_pipe_fittings_pvc_tee_fitting_set_20250620_212255.png,PLUMBING,PIPE FITTINGS
Copper Fitting Kit,PLPPF003,28,"Solder-type copper fittings including elbows, tees, and couplings.",89,plumbing_pipe_fittings_copper_fitting_kit_20250620_212329.png,PLUMBING,PIPE FITTINGS
Push-Fit Connectors,PLPPF004,21,No-solder push-fit fittings for quick copper and PEX pipe connections.,76,plumbing_pipe_fittings_push_fit_connectors_20250620_212404.png,PLUMBING,PIPE FITTINGS
Compression Fittings,PLPPF005,32,Compression fittings for connecting copper pipe without soldering.,33,plumbing_pipe_fittings_compression_fittings_20250620_212437.png,PLUMBING,PIPE FITTINGS
Ball Valve 1/2-inch,PLVA000001,14,Quarter-turn ball valve for water shut-off with full-port design.,8,plumbing_valves_ball_valve_12_inch_20250620_212512.png,PLUMBING,VALVES
Gate Valve 3/4-inch,PLVA000002,20,Traditional gate valve for main water line shut-off applications.,63,plumbing_valves_gate_valve_34_inch_20250620_212551.png,PLUMBING,VALVES
Check Valve 1-inch,PLVA000003,25,One-way check valve to prevent backflow in plumbing systems.,45,plumbing_valves_check_valve_1_inch_20250620_212625.png,PLUMBING,VALVES
Pressure Relief Valve,PLVA000004,40,Safety pressure relief valve for water heaters and pressure systems.,92,plumbing_valves_pressure_relief_valve_20250620_212658.png,PLUMBING,VALVES
Angle Stop Valve,PLVA000005,12,Angle stop valve for connecting toilet and sink supply lines to wall outlets.,53,plumbing_valves_angle_stop_valve_20250620_212732.png,PLUMBING,VALVES
Kitchen Sink Faucet,PLFCT001,82,Single-handle kitchen faucet with pull-out spray and ceramic disc cartridge.,13,plumbing_faucets_kitchen_sink_faucet_20250620_212806.png,PLUMBING,FAUCETS
Bathroom Lavatory Faucet,PLFCT002,60,Two-handle bathroom faucet with pop-up drain assembly and chrome finish.,55,plumbing_faucets_bathroom_lavatory_faucet_20250620_212840.png,PLUMBING,FAUCETS
Utility Sink Faucet,PLFCT003,42,Heavy-duty utility faucet with high spout for laundry and workshop sinks.,29,plumbing_faucets_utility_sink_faucet_20250620_212914.png,PLUMBING,FAUCETS
Shower Faucet Trim Kit,PLFCT004,98,"Complete shower trim kit with valve, handle, and showerhead.",36,plumbing_faucets_shower_faucet_trim_kit_20250620_212948.png,PLUMBING,FAUCETS
Outdoor Spigot Faucet,PLFCT005,32,Frost-free outdoor faucet with anti-siphon protection for yard connections.,15,plumbing_faucets_outdoor_spigot_faucet_20250620_213023.png,PLUMBING,FAUCETS
Toilet Flapper Universal,PLTLT001,8,Universal toilet flapper that fits most standard toilet tanks.,63,plumbing_toilet_parts_toilet_flapper_universal_20250620_213057.png,PLUMBING,TOILET PARTS
Fill Valve Assembly,PLTLT002,14,Complete fill valve assembly for toilet tank water refill control.,43,plumbing_toilet_parts_fill_valve_assembly_20250620_213131.png,PLUMBING,TOILET PARTS
Toilet Wax Ring,PLTLT003,6,Wax ring seal for toilet installation with plastic horn for proper sealing.,34,plumbing_toilet_parts_toilet_wax_ring_20250620_213205.png,PLUMBING,TOILET PARTS
Toilet Repair Kit Complete,PLTLT004,20,"Complete toilet repair kit with flapper, chain, and fill valve components.",21,plumbing_toilet_parts_toilet_repair_kit_complete_20250620_213240.png,PLUMBING,TOILET PARTS
Toilet Seat Standard,PLTLT005,28,Standard toilet seat with slow-close hinges and easy installation hardware.,24,plumbing_toilet_parts_toilet_seat_standard_20250620_213314.png,PLUMBING,TOILET PARTS
Drain Snake 25-foot,PLDRN001,25,Flexible steel drain snake for clearing sink and tub drain clogs.,96,plumbing_drain_cleaning_drain_snake_25_foot_20250620_213347.png,PLUMBING,DRAIN CLEANING
Toilet Auger,PLDRN002,32,Specialized toilet auger with protective coating to prevent scratching.,67,plumbing_drain_cleaning_toilet_auger_20250620_213422.png,PLUMBING,DRAIN CLEANING
Drain Cleaning Chemical,PLDRN003,10,Safe drain cleaner for dissolving organic clogs in pipes and drains.,90,plumbing_drain_cleaning_drain_cleaning_chemical_20250620_213456.png,PLUMBING,DRAIN CLEANING
Plunger Set,PLDRN004,14,Toilet and sink plunger set for basic drain clearing and blockage removal.,22,plumbing_drain_cleaning_plunger_set_20250620_213531.png,PLUMBING,DRAIN CLEANING
Hydro Jet Drain Cleaner,PLDRN005,42,High-pressure water jet attachment for clearing stubborn drain clogs.,3,plumbing_drain_cleaning_hydro_jet_drain_cleaner_20250620_213614.png,PLUMBING,DRAIN CLEANING
Foam Pipe Insulation 1/2,PLPI000006,6,Self-sealing foam insulation for 1/2-inch pipes to prevent freezing.,48,plumbing_pipe_insulation_foam_pipe_insulation_12_20250620_213649.png,PLUMBING,PIPE INSULATION
Pipe Insulation 3/4-inch,PLPI000007,7,Foam pipe insulation with adhesive seam for larger diameter pipes.,73,plumbing_pipe_insulation_pipe_insulation_34_inch_20250620_213723.png,PLUMBING,PIPE INSULATION
Pipe Heat Tape,PLPI000008,21,Electric heat tape for preventing frozen pipes in extreme cold conditions.,0,plumbing_pipe_insulation_pipe_heat_tape_20250620_213757.png,PLUMBING,PIPE INSULATION
Fiberglass Pipe Insulation,PLPI000009,14,High-temperature fiberglass insulation for hot water pipes and steam lines.,87,plumbing_pipe_insulation_fiberglass_pipe_insulation_20250620_213831.png,PLUMBING,PIPE INSULATION
Pipe Insulation Tape,PLPI000010,10,Reflective tape insulation for additional thermal protection of pipes.,66,plumbing_pipe_insulation_pipe_insulation_tape_20250620_213915.png,PLUMBING,PIPE INSULATION
Plumber's Putty 14oz,PLPLM001,6,Traditional plumber's putty for sealing drain flanges and faucet bases.,3,plumbing_plumber's_putty_plumbers_putty_14oz_20250620_213950.png,PLUMBING,PLUMBER'S PUTTY
Silicone Plumber's Putty,PLPLM002,7,Silicone-based putty that won't dry out or crack over time.,66,plumbing_plumber's_putty_silicone_plumbers_putty_20250620_214023.png,PLUMBING,PLUMBER'S PUTTY
Pipe Joint Compound,PLPLM003,8,Thread sealing compound for threaded pipe connections and fittings.,99,plumbing_plumber's_putty_pipe_joint_compound_20250620_214057.png,PLUMBING,PLUMBER'S PUTTY
Plumber's Grease,PLPLM004,6,Waterproof grease for lubricating O-rings and valve stems.,47,plumbing_plumber's_putty_plumbers_grease_20250620_214131.png,PLUMBING,PLUMBER'S PUTTY
Pipe Dope Stick,PLPLM005,5,Solid pipe thread sealant in convenient stick form for field applications.,96,plumbing_plumber's_putty_pipe_dope_stick_20250620_214205.png,PLUMBING,PLUMBER'S PUTTY
PTFE Thread Tape White,PLTFL001,2,Standard white PTFE tape for sealing water pipe threads.,86,plumbing_teflon_tape_ptfe_thread_tape_white_20250620_214238.png,PLUMBING,TEFLON TAPE
Heavy Duty Teflon Tape,PLTFL002,4,Thick PTFE tape for high-pressure and gas line applications.,22,plumbing_teflon_tape_heavy_duty_teflon_tape_20250620_214312.png,PLUMBING,TEFLON TAPE
Yellow Gas Line Tape,PLTFL003,4,Yellow PTFE tape specifically designed for natural gas connections.,45,plumbing_teflon_tape_yellow_gas_line_tape_20250620_214346.png,PLUMBING,TEFLON TAPE
Pink Plumber's Tape,PLTFL004,4,Pink PTFE tape for potable water systems with NSF certification.,50,plumbing_teflon_tape_pink_plumbers_tape_20250620_214420.png,PLUMBING,TEFLON TAPE
Pipe Thread Sealant Paste,PLTFL005,7,Brush-on thread sealant for large pipe connections and difficult applications.,44,plumbing_teflon_tape_pipe_thread_sealant_paste_20250620_214454.png,PLUMBING,TEFLON TAPE
Garden Spade Long Handle,GOHT000001,38,Heavy-duty garden spade with long handle for digging and edging with comfortable grip.,98,garden_&_outdoor_hand_tools_garden_spade_long_handle_20250621_112627.png,GARDEN & OUTDOOR,HAND TOOLS
Garden Rake Steel Tines,GOHT000002,29,Steel-tined garden rake for leveling soil and gathering leaves with durable construction.,7,garden_&_outdoor_hand_tools_garden_rake_steel_tines_20250620_214538.png,GARDEN & OUTDOOR,HAND TOOLS
Garden Hose 50-foot,GOHOS001,32,Heavy-duty garden hose with brass fittings and kink-resistant construction.,78,garden_&_outdoor_hoses_garden_hose_50_foot_20250621_112909.png,GARDEN & OUTDOOR,HOSES
Soaker Hose 25-foot,GOHOS002,25,Porous soaker hose for efficient water delivery directly to plant roots.,19,garden_&_outdoor_hoses_soaker_hose_25_foot_20250621_112954.png,GARDEN & OUTDOOR,HOSES
Expandable Hose 100-foot,GOHOS003,50,Lightweight expandable hose that extends when water flows and contracts when empty.,89,garden_&_outdoor_hoses_expandable_hose_100_foot_20250621_113038.png,GARDEN & OUTDOOR,HOSES
Drinking Water Safe Hose,GOHOS004,40,Lead-free garden hose safe for drinking water and filling pools.,13,garden_&_outdoor_hoses_drinking_water_safe_hose_20250620_214628.png,GARDEN & OUTDOOR,HOSES
Heavy Duty Hose 75-foot,GOHOS005,58,Commercial-grade garden hose for heavy use with reinforced construction.,100,garden_&_outdoor_hoses_heavy_duty_hose_75_foot_20250620_214702.png,GARDEN & OUTDOOR,HOSES
Oscillating Sprinkler,GOSPR001,20,"Adjustable oscillating sprinkler covering up to 3,000 square feet with even coverage.",34,garden_&_outdoor_sprinklers_oscillating_sprinkler_20250620_214737.png,GARDEN & OUTDOOR,SPRINKLERS
Impact Sprinkler,GOSPR002,15,Metal impact sprinkler with adjustable spray pattern and durable construction.,73,garden_&_outdoor_sprinklers_impact_sprinkler_20250620_214810.png,GARDEN & OUTDOOR,SPRINKLERS
Rotary Sprinkler 3-Arm,GOSPR003,18,Three-arm rotary sprinkler for circular coverage with adjustable spray radius.,18,garden_&_outdoor_sprinklers_rotary_sprinkler_3_arm_20250620_214844.png,GARDEN & OUTDOOR,SPRINKLERS
Misting Sprinkler Kit,GOSPR004,28,Complete misting system for cooling and plant watering with multiple nozzles.,12,garden_&_outdoor_sprinklers_misting_sprinkler_kit_20250620_214917.png,GARDEN & OUTDOOR,SPRINKLERS
In-Ground Sprinkler Head,GOSPR005,12,Pop-up sprinkler head for permanent irrigation systems with adjustable arc.,23,garden_&_outdoor_sprinklers_in_ground_sprinkler_head_20250620_214953.png,GARDEN & OUTDOOR,SPRINKLERS
All-Purpose Fertilizer 50lb,GOFRT001,25,Balanced 10-10-10 fertilizer for general garden and lawn applications.,44,garden_&_outdoor_fertilizer_all_purpose_fertilizer_50lb_20250620_215028.png,GARDEN & OUTDOOR,FERTILIZER
Organic Compost 40lb,GOFRT002,20,Rich organic compost for soil improvement and natural plant nutrition.,91,garden_&_outdoor_fertilizer_organic_compost_40lb_20250620_215102.png,GARDEN & OUTDOOR,FERTILIZER
Lawn Fertilizer Spring,GOFRT003,30,High-nitrogen spring fertilizer for promoting green lawn growth after winter.,10,garden_&_outdoor_fertilizer_lawn_fertilizer_spring_20250620_215137.png,GARDEN & OUTDOOR,FERTILIZER
Tomato Plant Food,GOFRT004,14,Specialized fertilizer formulated for tomatoes and other fruiting plants.,17,garden_&_outdoor_fertilizer_tomato_plant_food_20250620_215212.png,GARDEN & OUTDOOR,FERTILIZER
Slow Release Granules,GOFRT005,34,Time-release fertilizer granules providing nutrition for up to 3 months.,45,garden_&_outdoor_fertilizer_slow_release_granules_20250620_215246.png,GARDEN & OUTDOOR,FERTILIZER
Hardwood Mulch 2 Cu Ft,GOMUL001,7,Natural hardwood mulch for garden beds and landscaping applications.,6,garden_&_outdoor_mulch_hardwood_mulch_2_cu_ft_20250620_215319.png,GARDEN & OUTDOOR,MULCH
Rubber Mulch Black,GOMUL002,10,Recycled rubber mulch that doesn't decompose and provides long-lasting coverage.,80,garden_&_outdoor_mulch_rubber_mulch_black_20250620_215354.png,GARDEN & OUTDOOR,MULCH
Cedar Mulch 3 Cu Ft,GOMUL003,12,Aromatic cedar mulch that naturally repels insects while enriching soil.,54,garden_&_outdoor_mulch_cedar_mulch_3_cu_ft_20250620_215431.png,GARDEN & OUTDOOR,MULCH
Straw Mulch Bale,GOMUL004,14,Natural straw mulch bale for vegetable gardens and erosion control.,78,garden_&_outdoor_mulch_straw_mulch_bale_20250620_215505.png,GARDEN & OUTDOOR,MULCH
Ceramic Planter 12-inch,GOPLN001,32,Decorative ceramic planter with drainage holes and matching saucer.,100,garden_&_outdoor_planters_ceramic_planter_12_inch_20250620_215538.png,GARDEN & OUTDOOR,PLANTERS
Plastic Planter Set,GOPLN002,21,Lightweight plastic planters in multiple sizes with UV resistance.,45,garden_&_outdoor_planters_plastic_planter_set_20250620_215613.png,GARDEN & OUTDOOR,PLANTERS
Wooden Barrel Planter,GOPLN003,42,Rustic wooden barrel planter for herbs and small plants with natural appearance.,44,garden_&_outdoor_planters_wooden_barrel_planter_20250620_215646.png,GARDEN & OUTDOOR,PLANTERS
Hanging Basket Planter,GOPLN004,15,Hanging basket with coco liner for flowers and trailing plants.,90,garden_&_outdoor_planters_hanging_basket_planter_20250620_215720.png,GARDEN & OUTDOOR,PLANTERS
Self-Watering Planter,GOPLN005,35,Smart planter with built-in water reservoir for consistent plant hydration.,87,garden_&_outdoor_planters_self_watering_planter_20250620_215754.png,GARDEN & OUTDOOR,PLANTERS
Vegetable Seed Starter Kit,GOSEE001,14,Complete vegetable seed collection with growing instructions and tips.,54,garden_&_outdoor_seeds_vegetable_seed_starter_kit_20250620_215829.png,GARDEN & OUTDOOR,SEEDS
Flower Seed Mix Wildflower,GOSEE002,10,Native wildflower seed mix for natural landscapes and pollinator gardens.,13,garden_&_outdoor_seeds_flower_seed_mix_wildflower_20250620_215903.png,GARDEN & OUTDOOR,SEEDS
Herb Garden Seed Set,GOSEE003,12,"Popular culinary herbs including basil, oregano, and parsley seeds.",82,garden_&_outdoor_seeds_herb_garden_seed_set_20250620_215938.png,GARDEN & OUTDOOR,SEEDS
Grass Seed Sun & Shade,GOSEE004,21,Premium grass seed blend for areas with mixed sun and shade conditions.,90,garden_&_outdoor_seeds_grass_seed_sun_shade_20250620_220012.png,GARDEN & OUTDOOR,SEEDS
Organic Heirloom Seeds,GOSEE005,18,Non-GMO heirloom vegetable seeds for traditional varieties and seed saving.,84,garden_&_outdoor_seeds_organic_heirloom_seeds_20250620_220047.png,GARDEN & OUTDOOR,SEEDS
Potting Mix Premium 40lb,GOSOI001,10,High-quality potting soil with perlite and peat for container gardening.,14,garden_&_outdoor_soil_potting_mix_premium_40lb_20250620_220120.png,GARDEN & OUTDOOR,SOIL
Garden Soil Enriched,GOSOI002,14,Nutrient-rich garden soil blend for planting beds and landscaping.,40,garden_&_outdoor_soil_garden_soil_enriched_20250620_220155.png,GARDEN & OUTDOOR,SOIL
Topsoil Screened 40lb,GOSOI003,8,Clean screened topsoil for lawn repair and general landscaping use.,30,garden_&_outdoor_soil_topsoil_screened_40lb_20250620_220229.png,GARDEN & OUTDOOR,SOIL
Cactus Potting Mix,GOSOI004,10,Well-draining soil mix specifically formulated for cacti and succulents.,45,garden_&_outdoor_soil_cactus_potting_mix_20250620_220303.png,GARDEN & OUTDOOR,SOIL
Seed Starting Mix,GOSOI005,12,Fine-textured soil mix designed for starting seeds and young plant growth.,48,garden_&_outdoor_soil_seed_starting_mix_20250620_220337.png,GARDEN & OUTDOOR,SOIL
Anvil Pruners Heavy Duty,GOPRN001,20,Anvil-style pruners for cutting dead wood and tough branches with power.,4,garden_&_outdoor_pruning_tools_anvil_pruners_heavy_duty_20250620_220421.png,GARDEN & OUTDOOR,PRUNING TOOLS
Pole Saw Pruner 8-foot,GOPRN002,58,Telescoping pole saw for reaching high branches safely from the ground.,89,garden_&_outdoor_pruning_tools_pole_saw_pruner_8_foot_20250620_220454.png,GARDEN & OUTDOOR,PRUNING TOOLS
Solar Path Light Set,GOOTD001,35,Solar-powered pathway lights with automatic dusk-to-dawn operation.,1,garden_&_outdoor_outdoor_lighting_solar_path_light_set_20250621_113354.png,GARDEN & OUTDOOR,OUTDOOR LIGHTING
LED Flood Light 30W,GOOTD002,42,Bright LED flood light for security and area illumination with motion sensor.,100,garden_&_outdoor_outdoor_lighting_led_flood_light_30w_20250621_113437.png,GARDEN & OUTDOOR,OUTDOOR LIGHTING
String Lights 48-foot,GOOTD003,28,Weather-resistant string lights for patios and outdoor entertaining.,13,garden_&_outdoor_outdoor_lighting_string_lights_48_foot_20250621_113522.png,GARDEN & OUTDOOR,OUTDOOR LIGHTING
Landscape Spotlight Kit,GOOTD004,52,Low-voltage landscape lighting kit for highlighting plants and features.,96,garden_&_outdoor_outdoor_lighting_landscape_spotlight_kit_20250621_125651.png,GARDEN & OUTDOOR,OUTDOOR LIGHTING
Solar Deck Light Set,GOOTD005,32,Solar deck lights for stairs and railings with easy installation and no wiring.,77,garden_&_outdoor_outdoor_lighting_solar_deck_light_set_20250621_093418.png,GARDEN & OUTDOOR,OUTDOOR LIGHTING
Rolling Tool Chest 26-inch,SOTLB001,130,Heavy-duty rolling tool chest with multiple drawers and ball-bearing slides.,34,storage_&_organization_tool_boxes_rolling_tool_chest_26_inch_20250621_093453.png,STORAGE & ORGANIZATION,TOOL BOXES
Portable Tool Box 20-inch,SOTLB002,42,Compact tool box with removable tray and comfortable carrying handle.,25,storage_&_organization_tool_boxes_portable_tool_box_20_inch_20250620_220555.png,STORAGE & ORGANIZATION,TOOL BOXES
Metal Tool Cabinet,SOTLB003,200,Stationary tool cabinet with locking drawers and full-extension slides.,7,storage_&_organization_tool_boxes_metal_tool_cabinet_20250620_220629.png,STORAGE & ORGANIZATION,TOOL BOXES
Plastic Tool Box Set,SOTLB004,28,Lightweight plastic tool boxes in multiple sizes for basic tool storage.,4,storage_&_organization_tool_boxes_plastic_tool_box_set_20250620_220702.png,STORAGE & ORGANIZATION,TOOL BOXES
Tool Bag Canvas 18-inch,SOTLB005,35,Heavy-duty canvas tool bag with multiple pockets and reinforced bottom.,82,storage_&_organization_tool_boxes_tool_bag_canvas_18_inch_20250620_220737.png,STORAGE & ORGANIZATION,TOOL BOXES
Steel Shelving 5-Tier,SOSH000001,72,"Adjustable steel shelving unit holding up to 3,000 pounds with powder coating.",21,storage_&_organization_shelving_steel_shelving_5_tier_20250620_220811.png,STORAGE & ORGANIZATION,SHELVING
Wire Shelving Chrome,SOSH000002,58,Chrome wire shelving with adjustable shelves for versatile storage solutions.,78,storage_&_organization_shelving_wire_shelving_chrome_20250620_220845.png,STORAGE & ORGANIZATION,SHELVING
Wooden Storage Shelves,SOSH000003,100,Solid wood shelving unit with natural finish for workshop and garage.,27,storage_&_organization_shelving_wooden_storage_shelves_20250620_220920.png,STORAGE & ORGANIZATION,SHELVING
Heavy Duty Rack System,SOSH000004,140,Industrial-strength shelving for maximum weight capacity and durability.,70,storage_&_organization_shelving_heavy_duty_rack_system_20250620_220956.png,STORAGE & ORGANIZATION,SHELVING
Corner Shelf Unit,SOSH000005,65,Space-saving corner shelving unit for maximizing storage in tight spaces.,47,storage_&_organization_shelving_corner_shelf_unit_20250620_221030.png,STORAGE & ORGANIZATION,SHELVING
Pegboard Panel 4x8,SOPB000006,40,Large pegboard panel with holes for hanging tools and accessories.,90,storage_&_organization_pegboard_pegboard_panel_4x8_20250620_221105.png,STORAGE & ORGANIZATION,PEGBOARD
Pegboard Hook Set 50-piece,SOPB000007,25,Comprehensive pegboard hook set with various sizes and styles.,30,storage_&_organization_pegboard_pegboard_hook_set_50_piece_20250620_221139.png,STORAGE & ORGANIZATION,PEGBOARD
Metal Pegboard Gray,SOPB000008,32,Steel pegboard with gray finish for heavy-duty tool organization.,80,storage_&_organization_pegboard_metal_pegboard_gray_20250620_221214.png,STORAGE & ORGANIZATION,PEGBOARD
Pegboard Storage Bins,SOPB000009,18,Plastic bins that hang on pegboard for small parts storage.,19,storage_&_organization_pegboard_pegboard_storage_bins_20250620_221248.png,STORAGE & ORGANIZATION,PEGBOARD
Pegboard Tool Holder Set,SOPB000010,21,Specialized tool holders for common workshop tools on pegboard systems.,87,storage_&_organization_pegboard_pegboard_tool_holder_set_20250620_221322.png,STORAGE & ORGANIZATION,PEGBOARD
Clear Storage Bin 27-Quart,SOSB000011,14,Transparent storage bin with secure lid for easy identification of contents.,2,storage_&_organization_storage_bins_clear_storage_bin_27_quart_20250620_221355.png,STORAGE & ORGANIZATION,STORAGE BINS
Stackable Bin Set,SOSB000012,21,Set of stackable bins in multiple sizes for modular storage solutions.,13,storage_&_organization_storage_bins_stackable_bin_set_20250620_221430.png,STORAGE & ORGANIZATION,STORAGE BINS
Heavy Duty Tote 35-Gallon,SOSB000013,28,Large capacity storage tote with reinforced handles and secure latching lid.,26,storage_&_organization_storage_bins_heavy_duty_tote_35_gallon_20250620_221505.png,STORAGE & ORGANIZATION,STORAGE BINS
Small Parts Organizer,SOSB000014,12,"Multi-compartment organizer for screws, bolts, and small hardware.",56,storage_&_organization_storage_bins_small_parts_organizer_20250620_221540.png,STORAGE & ORGANIZATION,STORAGE BINS
Weatherproof Storage Box,SOSB000015,35,Outdoor storage box with weather seals for protecting items from elements.,11,storage_&_organization_storage_bins_weatherproof_storage_box_20250620_221614.png,STORAGE & ORGANIZATION,STORAGE BINS
Metal Storage Cabinet 72-inch,SOCA000016,185,Tall metal cabinet with adjustable shelves and locking doors for security.,53,storage_&_organization_cabinets_metal_storage_cabinet_72_inch_20250620_221647.png,STORAGE & ORGANIZATION,CABINETS
Wall Mount Cabinet,SOCA000017,100,Space-saving wall-mounted cabinet for tools and supplies with key lock.,46,storage_&_organization_cabinets_wall_mount_cabinet_20250620_221723.png,STORAGE & ORGANIZATION,CABINETS
Base Cabinet with Drawers,SOCA000018,160,Workshop base cabinet with combination of drawers and doors for versatile storage.,30,storage_&_organization_cabinets_base_cabinet_with_drawers_20250620_221757.png,STORAGE & ORGANIZATION,CABINETS
Chemical Storage Cabinet,SOCA000019,290,Safety cabinet for storing flammable chemicals and hazardous materials.,26,storage_&_organization_cabinets_chemical_storage_cabinet_20250620_221831.png,STORAGE & ORGANIZATION,CABINETS
Modular Cabinet System,SOCA000020,250,Expandable modular cabinet system that grows with storage needs.,69,storage_&_organization_cabinets_modular_cabinet_system_20250620_221906.png,STORAGE & ORGANIZATION,CABINETS
Heavy Duty Workbench 6-foot,SOWB000021,325,Solid wood workbench with steel legs and built-in vise for heavy work.,1,storage_&_organization_workbenches_heavy_duty_workbench_6_foot_20250620_221941.png,STORAGE & ORGANIZATION,WORKBENCHES
Folding Workbench Portable,SOWB000022,130,Portable folding workbench with clamps and adjustable height.,68,storage_&_organization_workbenches_folding_workbench_portable_20250621_093527.png,STORAGE & ORGANIZATION,WORKBENCHES
Mobile Work Cart,SOWB000023,200,Rolling work cart with multiple shelves and locking casters.,71,storage_&_organization_workbenches_mobile_work_cart_20250620_222024.png,STORAGE & ORGANIZATION,WORKBENCHES
Garage Workbench Kit,SOWB000024,250,Complete workbench kit with pegboard back and storage drawers.,65,storage_&_organization_workbenches_garage_workbench_kit_20250620_222058.png,STORAGE & ORGANIZATION,WORKBENCHES
Adjustable Height Workbench,SOWB000025,290,Ergonomic workbench with electric height adjustment for comfort.,47,storage_&_organization_workbenches_adjustable_height_workbench_20250620_222132.png,STORAGE & ORGANIZATION,WORKBENCHES
Heavy Duty Wall Hook Set,SOHH000026,18,"Steel wall hooks for hanging tools, bikes, and heavy equipment.",54,storage_&_organization_hooks_&_hangers_heavy_duty_wall_hook_set_20250620_222206.png,STORAGE & ORGANIZATION,HOOKS & HANGERS
Magnetic Tool Holder,SOHH000027,14,Magnetic strip for holding metal tools on workshop walls and toolboxes.,67,storage_&_organization_hooks_&_hangers_magnetic_tool_holder_20250620_222240.png,STORAGE & ORGANIZATION,HOOKS & HANGERS
Ceiling Hook Kit,SOHH000028,21,Ceiling-mounted hooks for overhead storage of ladders and long items.,2,storage_&_organization_hooks_&_hangers_ceiling_hook_kit_20250620_222314.png,STORAGE & ORGANIZATION,HOOKS & HANGERS
Rubber Coated Hooks,SOHH000029,12,Protective rubber-coated hooks that won't scratch or damage equipment.,98,storage_&_organization_hooks_&_hangers_rubber_coated_hooks_20250620_222348.png,STORAGE & ORGANIZATION,HOOKS & HANGERS
Retractable Hose Hanger,SOHH000030,28,Wall-mounted hose reel that automatically retracts garden hoses.,71,storage_&_organization_hooks_&_hangers_retractable_hose_hanger_20250620_222423.png,STORAGE & ORGANIZATION,HOOKS & HANGERS
Rolling Drawer Cart,SOPLS001,55,Mobile cart with clear plastic drawers for organizing small parts and tools.,10,storage_&_organization_plastic_drawers_rolling_drawer_cart_20250620_222457.png,STORAGE & ORGANIZATION,PLASTIC DRAWERS
Desktop Organizer Drawers,SOPLS002,25,Compact drawer unit for desktop organization and small item storage.,91,storage_&_organization_plastic_drawers_desktop_organizer_drawers_20250620_222531.png,STORAGE & ORGANIZATION,PLASTIC DRAWERS
Large Drawer Unit 10-Drawer,SOPLS003,85,Large capacity drawer organizer with deep drawers for bigger items.,42,storage_&_organization_plastic_drawers_large_drawer_unit_10_drawer_20250620_222605.png,STORAGE & ORGANIZATION,PLASTIC DRAWERS
Stackable Drawer Set,SOPLS004,35,Individual drawers that stack and interlock for custom storage solutions.,68,storage_&_organization_plastic_drawers_stackable_drawer_set_20250620_222638.png,STORAGE & ORGANIZATION,PLASTIC DRAWERS
Craft Storage Drawers,SOPLS005,42,Specialized drawer unit with adjustable dividers for craft and hobby supplies.,4,storage_&_organization_plastic_drawers_craft_storage_drawers_20250620_222712.png,STORAGE & ORGANIZATION,PLASTIC DRAWERS
Ceiling Storage Rack 4x8,SOOVR001,100,Heavy-duty overhead rack for seasonal items and rarely used equipment.,4,storage_&_organization_overhead_storage_ceiling_storage_rack_4x8_20250620_222747.png,STORAGE & ORGANIZATION,OVERHEAD STORAGE
Garage Ceiling Hoist,SOOVR002,130,"Pulley system for lifting bikes, kayaks, and heavy items to ceiling storage.",95,storage_&_organization_overhead_storage_garage_ceiling_hoist_20250620_222821.png,STORAGE & ORGANIZATION,OVERHEAD STORAGE
Overhead Storage Platform,SOOVR003,78,Suspended platform for creating additional storage space above vehicles.,9,storage_&_organization_overhead_storage_overhead_storage_platform_20250620_222855.png,STORAGE & ORGANIZATION,OVERHEAD STORAGE
Ceiling Track System,SOOVR004,165,Adjustable track system for hanging multiple items from garage ceiling.,46,storage_&_organization_overhead_storage_ceiling_track_system_20250620_222929.png,STORAGE & ORGANIZATION,OVERHEAD STORAGE
Safety Net for Storage,SOOVR005,35,Protective net to prevent stored items from falling from overhead areas.,77,storage_&_organization_overhead_storage_safety_net_for_storage_20250620_223003.png,STORAGE & ORGANIZATION,OVERHEAD STORAGE
Metal Locker 2-Door,SOLCK001,225,Ventilated metal locker with individual compartments and key locks.,48,storage_&_organization_locker_systems_metal_locker_2_door_20250620_223037.png,STORAGE & ORGANIZATION,LOCKER SYSTEMS
Gym Style Locker Bank,SOLCK002,325,Multi-unit locker system for family storage with separate compartments.,10,storage_&_organization_locker_systems_gym_style_locker_bank_20250620_223111.png,STORAGE & ORGANIZATION,LOCKER SYSTEMS
Wooden Locker Bench,SOLCK003,200,Combination locker and bench for mudroom and entryway organization.,5,storage_&_organization_locker_systems_wooden_locker_bench_20250620_223145.png,STORAGE & ORGANIZATION,LOCKER SYSTEMS
Wire Mesh Locker,SOLCK004,130,Open wire mesh locker for ventilation and visibility of stored items.,25,storage_&_organization_locker_systems_wire_mesh_locker_20250620_223219.png,STORAGE & ORGANIZATION,LOCKER SYSTEMS
Personal Storage Locker,SOLCK005,100,Compact personal locker for individual use in workshops and garages.,35,storage_&_organization_locker_systems_personal_storage_locker_20250620_223253.png,STORAGE & ORGANIZATION,LOCKER SYSTEMS